{
  "type": "FeatureCollection",
  "generator": "overpass-turbo",
  "copyright": "The data included in this document is from www.openstreetmap.org. The data is made available under ODbL.",
  "timestamp": "2026-09-19T05:47:39Z",
  "features": [
    {
      "type": "Feature",
      "properties": {
        "@id": "relation/2313458",
        "colour": "#0354a6",
        "direction": "east",
        "from": "Bukit Panjang",
        "from:ref": "11",
        "name": "MRT Downtown Line (Bukit Panjang → Expo)",
        "name:en": "MRT Downtown Line (Bukit Panjang → Expo)",
        "name:zh": "滨海市区线（武吉班让→博览）",
        "network": "Mass Rapid Transit",
        "network:short": "MRT",
        "network:wikidata": "Q40176",
        "operator": "SBS Transit",
        "public_transport:version": "2",
        "ref": "DTL",
        "route": "subway",
        "to": "Expo",
        "to:ref": "12",
        "type": "route",
        "wheelchair": "yes",
        "wikidata": "Q1663943",
        "wikipedia": "en:Downtown Line"
      },
      "geometry": {
        "type": "LineString",
        "coordinates": [
          [
            103.7556274,
            1.389634
          ],
          [
            103.7556981,
            1.3888575
          ],
          [
            103.7558032,
            1.3878667
          ],
          [
            103.7559656,
            1.3873193
          ],
          [
            103.7560561,
            1.3871175
          ],
          [
            103.7561639,
            1.3869215
          ],
          [
            103.7563737,
            1.3866233
          ],
          [
            103.7578708,
            1.3848237
          ],
          [
            103.7582554,
            1.3843924
          ],
          [
            103.7586851,
            1.3839315
          ],
          [
            103.7593417,
            1.3831243
          ],
          [
            103.7596178,
            1.3827195
          ],
          [
            103.7598109,
            1.38237
          ],
          [
            103.7600049,
            1.3820143
          ],
          [
            103.7610308,
            1.3803098
          ],
          [
            103.7618992,
            1.378697
          ],
          [
            103.7620552,
            1.3784073
          ],
          [
            103.7621491,
            1.3781924
          ],
          [
            103.7622349,
            1.377944
          ],
          [
            103.7622961,
            1.377673
          ],
          [
            103.7623885,
            1.3770581
          ],
          [
            103.7624463,
            1.3766162
          ],
          [
            103.7625644,
            1.3756482
          ],
          [
            103.7626675,
            1.3749736
          ],
          [
            103.7628649,
            1.3734218
          ],
          [
            103.7629811,
            1.3726677
          ],
          [
            103.7631305,
            1.3721414
          ],
          [
            103.7632911,
            1.3717154
          ],
          [
            103.7634807,
            1.3713383
          ],
          [
            103.7638908,
            1.3706551
          ],
          [
            103.7643109,
            1.3700336
          ],
          [
            103.7647376,
            1.369362
          ],
          [
            103.7652754,
            1.3685162
          ],
          [
            103.7672113,
            1.3654918
          ],
          [
            103.7676522,
            1.3645542
          ],
          [
            103.7677657,
            1.3640212
          ],
          [
            103.7677852,
            1.3637131
          ],
          [
            103.7677296,
            1.3632687
          ],
          [
            103.7676652,
            1.3630527
          ],
          [
            103.767437,
            1.3622771
          ],
          [
            103.7672579,
            1.3616689
          ],
          [
            103.7671994,
            1.3614228
          ],
          [
            103.7674469,
            1.3590155
          ],
          [
            103.7675134,
            1.3585258
          ],
          [
            103.7676016,
            1.3579036
          ],
          [
            103.7676723,
            1.3573842
          ],
          [
            103.7677949,
            1.3571548
          ],
          [
            103.7686454,
            1.3559686
          ],
          [
            103.768835,
            1.3557056
          ],
          [
            103.7690202,
            1.3553763
          ],
          [
            103.7692592,
            1.3547495
          ],
          [
            103.7693363,
            1.3544893
          ],
          [
            103.7695051,
            1.3539191
          ],
          [
            103.7700236,
            1.3521782
          ],
          [
            103.7703618,
            1.349119
          ],
          [
            103.7705489,
            1.3486959
          ],
          [
            103.7713677,
            1.3475493
          ],
          [
            103.7717723,
            1.3469808
          ],
          [
            103.77196,
            1.3467221
          ],
          [
            103.77257,
            1.3461554
          ],
          [
            103.7740987,
            1.3452207
          ],
          [
            103.7745236,
            1.3448431
          ],
          [
            103.7748354,
            1.3445208
          ],
          [
            103.7749907,
            1.3442932
          ],
          [
            103.7752022,
            1.3439814
          ],
          [
            103.7755431,
            1.3431085
          ],
          [
            103.7757414,
            1.342202
          ],
          [
            103.7759499,
            1.3411579
          ],
          [
            103.7760198,
            1.3408082
          ],
          [
            103.776171,
            1.3403854
          ],
          [
            103.7763279,
            1.3401301
          ],
          [
            103.7764865,
            1.3398606
          ],
          [
            103.7768301,
            1.3394038
          ],
          [
            103.7770276,
            1.3391733
          ],
          [
            103.7773454,
            1.3388118
          ],
          [
            103.7775064,
            1.3386616
          ],
          [
            103.7778655,
            1.3383372
          ],
          [
            103.7780413,
            1.3381853
          ],
          [
            103.7785657,
            1.3379053
          ],
          [
            103.7793552,
            1.3375783
          ],
          [
            103.7807179,
            1.3369891
          ],
          [
            103.7828662,
            1.3360753
          ],
          [
            103.7838362,
            1.3357077
          ],
          [
            103.7848676,
            1.335317
          ],
          [
            103.7864849,
            1.3347464
          ],
          [
            103.792875,
            1.3324918
          ],
          [
            103.7966376,
            1.3311643
          ],
          [
            103.7973038,
            1.3309436
          ],
          [
            103.7987021,
            1.3304804
          ],
          [
            103.79994,
            1.3302811
          ],
          [
            103.8009003,
            1.3300858
          ],
          [
            103.8036367,
            1.3289978
          ],
          [
            103.8042357,
            1.328452
          ],
          [
            103.8047984,
            1.3276677
          ],
          [
            103.8053257,
            1.3272209
          ],
          [
            103.8063471,
            1.3265925
          ],
          [
            103.8070376,
            1.3261552
          ],
          [
            103.8082838,
            1.3253661
          ],
          [
            103.8094126,
            1.3247993
          ],
          [
            103.810961,
            1.3237207
          ],
          [
            103.8116989,
            1.3234
          ],
          [
            103.8129707,
            1.3231074
          ],
          [
            103.814244,
            1.3228841
          ],
          [
            103.815838,
            1.3226262
          ],
          [
            103.8162039,
            1.3225907
          ],
          [
            103.8167851,
            1.3225342
          ],
          [
            103.8181999,
            1.3224892
          ],
          [
            103.8194571,
            1.3223445
          ],
          [
            103.820734,
            1.3220593
          ],
          [
            103.8237732,
            1.3211745
          ],
          [
            103.8253186,
            1.3203548
          ],
          [
            103.8258805,
            1.3201703
          ],
          [
            103.8265746,
            1.3199424
          ],
          [
            103.8282092,
            1.3196829
          ],
          [
            103.8293426,
            1.319392
          ],
          [
            103.8345049,
            1.3176771
          ],
          [
            103.8353078,
            1.3172393
          ],
          [
            103.8358971,
            1.3165906
          ],
          [
            103.8366025,
            1.3157537
          ],
          [
            103.8374421,
            1.3144141
          ],
          [
            103.8380771,
            1.3137074
          ],
          [
            103.8383922,
            1.3133568
          ],
          [
            103.8386366,
            1.3131157
          ],
          [
            103.8391575,
            1.3126832
          ],
          [
            103.8396309,
            1.3123864
          ],
          [
            103.840918,
            1.3119073
          ],
          [
            103.8418527,
            1.3116408
          ],
          [
            103.8433766,
            1.3110232
          ],
          [
            103.8443271,
            1.3106436
          ],
          [
            103.8447712,
            1.3104555
          ],
          [
            103.8457842,
            1.3099049
          ],
          [
            103.8467515,
            1.3088742
          ],
          [
            103.8475013,
            1.3080652
          ],
          [
            103.8492198,
            1.3065924
          ],
          [
            103.8496105,
            1.3062576
          ],
          [
            103.8509477,
            1.3050015
          ],
          [
            103.8517751,
            1.3044643
          ],
          [
            103.8526118,
            1.3039839
          ],
          [
            103.8533891,
            1.3036133
          ],
          [
            103.8538729,
            1.3031522
          ],
          [
            103.8541753,
            1.302653
          ],
          [
            103.8545477,
            1.3021106
          ],
          [
            103.8547115,
            1.3019037
          ],
          [
            103.8553551,
            1.3012219
          ],
          [
            103.8556236,
            1.3009412
          ],
          [
            103.8567563,
            1.2997631
          ],
          [
            103.8576086,
            1.2987236
          ],
          [
            103.8580644,
            1.298123
          ],
          [
            103.8586855,
            1.2973197
          ],
          [
            103.8589991,
            1.2970353
          ],
          [
            103.8599332,
            1.2964543
          ],
          [
            103.8603575,
            1.296033
          ],
          [
            103.8605828,
            1.2957151
          ],
          [
            103.8608024,
            1.2952568
          ],
          [
            103.8609269,
            1.2948097
          ],
          [
            103.8609817,
            1.2943433
          ],
          [
            103.8609789,
            1.2940431
          ],
          [
            103.8609287,
            1.2928805
          ],
          [
            103.8608564,
            1.2913117
          ],
          [
            103.8609567,
            1.2895644
          ],
          [
            103.8611214,
            1.2884794
          ],
          [
            103.8612623,
            1.287621
          ],
          [
            103.8612639,
            1.2866332
          ],
          [
            103.8611754,
            1.2860298
          ],
          [
            103.861005,
            1.2854125
          ],
          [
            103.8605503,
            1.2844088
          ],
          [
            103.8602947,
            1.2839569
          ],
          [
            103.8600308,
            1.2834927
          ],
          [
            103.8590803,
            1.2820137
          ],
          [
            103.858507,
            1.2811583
          ],
          [
            103.8579511,
            1.2803532
          ],
          [
            103.8577288,
            1.2800335
          ],
          [
            103.8571858,
            1.2793209
          ],
          [
            103.8570183,
            1.2791315
          ],
          [
            103.8567689,
            1.2788322
          ],
          [
            103.856646,
            1.2786963
          ],
          [
            103.856107,
            1.2783704
          ],
          [
            103.8558085,
            1.2782875
          ],
          [
            103.8553967,
            1.2781606
          ],
          [
            103.8550894,
            1.2781756
          ],
          [
            103.8548632,
            1.2782147
          ],
          [
            103.8547096,
            1.2782765
          ],
          [
            103.8545295,
            1.2783471
          ],
          [
            103.8540673,
            1.2786621
          ],
          [
            103.8532304,
            1.2791743
          ],
          [
            103.8528318,
            1.2794381
          ],
          [
            103.852129,
            1.2799033
          ],
          [
            103.8517019,
            1.280224
          ],
          [
            103.8515205,
            1.2803842
          ],
          [
            103.8510772,
            1.280722
          ],
          [
            103.8490392,
            1.281943
          ],
          [
            103.8483488,
            1.2823463
          ],
          [
            103.8462224,
            1.2835885
          ],
          [
            103.8451046,
            1.2842318
          ],
          [
            103.844097,
            1.2848117
          ],
          [
            103.8430739,
            1.2856345
          ],
          [
            103.8428485,
            1.2858557
          ],
          [
            103.8426537,
            1.2861164
          ],
          [
            103.842532,
            1.2863437
          ],
          [
            103.8424267,
            1.2866936
          ],
          [
            103.8424223,
            1.2869299
          ],
          [
            103.8424194,
            1.2871616
          ],
          [
            103.8424649,
            1.2874947
          ],
          [
            103.8426358,
            1.2880776
          ],
          [
            103.8429404,
            1.2888836
          ],
          [
            103.8430309,
            1.2892478
          ],
          [
            103.8430729,
            1.2895793
          ],
          [
            103.8431275,
            1.2899853
          ],
          [
            103.8431749,
            1.2902896
          ],
          [
            103.8432455,
            1.2905806
          ],
          [
            103.8433716,
            1.2909238
          ],
          [
            103.843752,
            1.2916169
          ],
          [
            103.8443026,
            1.2925536
          ],
          [
            103.8448084,
            1.2934141
          ],
          [
            103.8451955,
            1.294037
          ],
          [
            103.8453913,
            1.2942972
          ],
          [
            103.8459429,
            1.2948656
          ],
          [
            103.8462262,
            1.2950871
          ],
          [
            103.8474083,
            1.295957
          ],
          [
            103.8480579,
            1.2964794
          ],
          [
            103.8488712,
            1.2972074
          ],
          [
            103.8503476,
            1.2989964
          ],
          [
            103.8507556,
            1.2994908
          ],
          [
            103.8539066,
            1.3033216
          ],
          [
            103.8541338,
            1.303655
          ],
          [
            103.8553671,
            1.305462
          ],
          [
            103.8563141,
            1.3069603
          ],
          [
            103.8578284,
            1.3093025
          ],
          [
            103.8593171,
            1.3115693
          ],
          [
            103.8596325,
            1.3119836
          ],
          [
            103.8600734,
            1.3124176
          ],
          [
            103.8604908,
            1.312684
          ],
          [
            103.8607361,
            1.3128229
          ],
          [
            103.8613018,
            1.3130717
          ],
          [
            103.8622543,
            1.3135182
          ],
          [
            103.862606,
            1.3136853
          ],
          [
            103.8635525,
            1.314135
          ],
          [
            103.86392,
            1.3144219
          ],
          [
            103.8642311,
            1.3147651
          ],
          [
            103.8647246,
            1.3155884
          ],
          [
            103.8652879,
            1.3165403
          ],
          [
            103.8665727,
            1.3181894
          ],
          [
            103.8669098,
            1.318536
          ],
          [
            103.867446,
            1.3189549
          ],
          [
            103.8679584,
            1.3191049
          ],
          [
            103.8714605,
            1.3212725
          ],
          [
            103.8720129,
            1.3216183
          ],
          [
            103.8724699,
            1.3219044
          ],
          [
            103.8730368,
            1.3222224
          ],
          [
            103.8751071,
            1.3232676
          ],
          [
            103.8767815,
            1.3238984
          ],
          [
            103.8770869,
            1.3240565
          ],
          [
            103.8773954,
            1.3242603
          ],
          [
            103.8777709,
            1.3246197
          ],
          [
            103.8779667,
            1.3248717
          ],
          [
            103.8789779,
            1.3264511
          ],
          [
            103.8792758,
            1.3268145
          ],
          [
            103.8795707,
            1.3270759
          ],
          [
            103.8797531,
            1.3272046
          ],
          [
            103.8800186,
            1.3273601
          ],
          [
            103.8802556,
            1.3274594
          ],
          [
            103.8807152,
            1.3275924
          ],
          [
            103.8811624,
            1.327622
          ],
          [
            103.8820061,
            1.3275371
          ],
          [
            103.8823199,
            1.3274138
          ],
          [
            103.8826337,
            1.3272555
          ],
          [
            103.8833481,
            1.3269039
          ],
          [
            103.8839257,
            1.3266195
          ],
          [
            103.8847633,
            1.3262051
          ],
          [
            103.8850988,
            1.3260623
          ],
          [
            103.8854309,
            1.3259705
          ],
          [
            103.8858414,
            1.3259234
          ],
          [
            103.8862247,
            1.3259476
          ],
          [
            103.8865952,
            1.3259885
          ],
          [
            103.8870032,
            1.3260315
          ],
          [
            103.8873719,
            1.3260126
          ],
          [
            103.8880109,
            1.3259488
          ],
          [
            103.8884203,
            1.3259582
          ],
          [
            103.8885904,
            1.3259758
          ],
          [
            103.8896697,
            1.3263813
          ],
          [
            103.8908762,
            1.3268346
          ],
          [
            103.8917184,
            1.3271832
          ],
          [
            103.8928777,
            1.3275341
          ],
          [
            103.8973403,
            1.3291836
          ],
          [
            103.8977815,
            1.3293511
          ],
          [
            103.8980122,
            1.329453
          ],
          [
            103.8982281,
            1.3295496
          ],
          [
            103.8985862,
            1.3297232
          ],
          [
            103.8993206,
            1.3300836
          ],
          [
            103.8997998,
            1.3303188
          ],
          [
            103.9002237,
            1.3305256
          ],
          [
            103.9005871,
            1.3307067
          ],
          [
            103.9008258,
            1.3308407
          ],
          [
            103.9010699,
            1.3309842
          ],
          [
            103.9013874,
            1.331191
          ],
          [
            103.9015701,
            1.3313287
          ],
          [
            103.9018169,
            1.3315218
          ],
          [
            103.9022675,
            1.3319106
          ],
          [
            103.9037266,
            1.3331749
          ],
          [
            103.9039077,
            1.3333251
          ],
          [
            103.9040708,
            1.3334515
          ],
          [
            103.904416,
            1.3337086
          ],
          [
            103.9047473,
            1.3339196
          ],
          [
            103.9049202,
            1.3340196
          ],
          [
            103.905077,
            1.3341027
          ],
          [
            103.9053655,
            1.3342516
          ],
          [
            103.9056538,
            1.3343735
          ],
          [
            103.9059287,
            1.3344848
          ],
          [
            103.9062415,
            1.3345846
          ],
          [
            103.9065443,
            1.3346739
          ],
          [
            103.9069158,
            1.3347557
          ],
          [
            103.9076748,
            1.3348938
          ],
          [
            103.9086436,
            1.3350675
          ],
          [
            103.9090803,
            1.3351458
          ],
          [
            103.9096302,
            1.3352491
          ],
          [
            103.9098166,
            1.3353
          ],
          [
            103.9099896,
            1.3353523
          ],
          [
            103.9101974,
            1.3354196
          ],
          [
            103.9104147,
            1.3355105
          ],
          [
            103.9108103,
            1.3356915
          ],
          [
            103.9117008,
            1.3361407
          ],
          [
            103.9120463,
            1.33629
          ],
          [
            103.9122118,
            1.3363525
          ],
          [
            103.9123703,
            1.3363965
          ],
          [
            103.9125366,
            1.3364299
          ],
          [
            103.9126825,
            1.3364638
          ],
          [
            103.9129224,
            1.3364929
          ],
          [
            103.9132056,
            1.3364986
          ],
          [
            103.9134489,
            1.3364849
          ],
          [
            103.9137192,
            1.3364487
          ],
          [
            103.9140239,
            1.3363759
          ],
          [
            103.9142325,
            1.3362986
          ],
          [
            103.9145445,
            1.3361895
          ],
          [
            103.9168805,
            1.3352042
          ],
          [
            103.9180066,
            1.3347298
          ],
          [
            103.9188619,
            1.3343687
          ],
          [
            103.9192659,
            1.3341992
          ],
          [
            103.9195061,
            1.3341175
          ],
          [
            103.9198267,
            1.3340295
          ],
          [
            103.9201454,
            1.3339701
          ],
          [
            103.9205095,
            1.3339243
          ],
          [
            103.9208874,
            1.3339097
          ],
          [
            103.9212138,
            1.3339192
          ],
          [
            103.9214507,
            1.3339485
          ],
          [
            103.9217143,
            1.3339946
          ],
          [
            103.9221157,
            1.3340781
          ],
          [
            103.9226606,
            1.3342766
          ],
          [
            103.9264528,
            1.3359107
          ],
          [
            103.9269498,
            1.3360881
          ],
          [
            103.9280056,
            1.3363775
          ],
          [
            103.9298406,
            1.3367132
          ],
          [
            103.9302322,
            1.3367695
          ],
          [
            103.9306119,
            1.3368035
          ],
          [
            103.9312045,
            1.3368137
          ],
          [
            103.9321366,
            1.3367791
          ],
          [
            103.933029,
            1.3367493
          ],
          [
            103.9337043,
            1.3367347
          ],
          [
            103.9367929,
            1.3370135
          ],
          [
            103.9375828,
            1.3371019
          ],
          [
            103.9381066,
            1.3372469
          ],
          [
            103.9387248,
            1.3375931
          ],
          [
            103.9392307,
            1.3380938
          ],
          [
            103.9394799,
            1.3384656
          ],
          [
            103.9395857,
            1.3387067
          ],
          [
            103.9396472,
            1.3388489
          ],
          [
            103.9397045,
            1.339026
          ],
          [
            103.9397929,
            1.3393742
          ],
          [
            103.9398188,
            1.3398156
          ],
          [
            103.939771,
            1.3402974
          ],
          [
            103.9395248,
            1.341055
          ],
          [
            103.9386598,
            1.3431032
          ],
          [
            103.9384698,
            1.3435384
          ],
          [
            103.93834,
            1.3439464
          ],
          [
            103.9382916,
            1.3443681
          ],
          [
            103.9382842,
            1.3448541
          ],
          [
            103.9382938,
            1.3454164
          ],
          [
            103.9383116,
            1.3464593
          ],
          [
            103.9383138,
            1.3471612
          ],
          [
            103.9382601,
            1.3476466
          ],
          [
            103.9382072,
            1.3482105
          ],
          [
            103.938176,
            1.3484326
          ],
          [
            103.938137,
            1.3488538
          ],
          [
            103.9381071,
            1.3496583
          ],
          [
            103.9381304,
            1.3499636
          ],
          [
            103.9381671,
            1.3501184
          ],
          [
            103.9382212,
            1.3503524
          ],
          [
            103.9382597,
            1.3505097
          ],
          [
            103.9383618,
            1.3507492
          ],
          [
            103.9385203,
            1.3511158
          ],
          [
            103.9388561,
            1.3516277
          ],
          [
            103.9392304,
            1.3520139
          ],
          [
            103.9399825,
            1.3528366
          ],
          [
            103.9411808,
            1.3538025
          ],
          [
            103.9420425,
            1.3543877
          ],
          [
            103.9423908,
            1.3547284
          ],
          [
            103.942961,
            1.3553339
          ],
          [
            103.9433457,
            1.3557423
          ],
          [
            103.9438042,
            1.3562048
          ],
          [
            103.9441815,
            1.3564798
          ],
          [
            103.9448368,
            1.3567679
          ],
          [
            103.9453217,
            1.3568674
          ],
          [
            103.9458373,
            1.3568715
          ],
          [
            103.9469451,
            1.3567866
          ],
          [
            103.9491659,
            1.3568268
          ],
          [
            103.9498123,
            1.3567935
          ],
          [
            103.9527346,
            1.3563873
          ],
          [
            103.9535992,
            1.3563423
          ],
          [
            103.955005,
            1.3562947
          ],
          [
            103.9557429,
            1.3562658
          ],
          [
            103.956063,
            1.3562589
          ],
          [
            103.956446,
            1.3563082
          ],
          [
            103.9567575,
            1.3563812
          ],
          [
            103.9570519,
            1.3565173
          ],
          [
            103.9573543,
            1.3566597
          ],
          [
            103.9578514,
            1.3569771
          ],
          [
            103.9582047,
            1.3572103
          ],
          [
            103.9585265,
            1.3573662
          ],
          [
            103.9586507,
            1.3574127
          ],
          [
            103.9589679,
            1.3575024
          ],
          [
            103.9592282,
            1.3575407
          ],
          [
            103.9595922,
            1.3575509
          ],
          [
            103.9599057,
            1.3575467
          ],
          [
            103.9610921,
            1.3573292
          ],
          [
            103.9614209,
            1.3572479
          ],
          [
            103.9618178,
            1.3570946
          ],
          [
            103.962445,
            1.356671
          ],
          [
            103.9627744,
            1.3563268
          ],
          [
            103.963031,
            1.3559102
          ],
          [
            103.9630758,
            1.3557965
          ],
          [
            103.9633249,
            1.3552009
          ],
          [
            103.9635486,
            1.3540519
          ],
          [
            103.9636896,
            1.3533953
          ],
          [
            103.9637212,
            1.353022
          ],
          [
            103.9637149,
            1.3527846
          ],
          [
            103.9636928,
            1.3519274
          ],
          [
            103.9636532,
            1.3508488
          ],
          [
            103.9636311,
            1.3499248
          ],
          [
            103.9635418,
            1.3488426
          ],
          [
            103.9633386,
            1.3477316
          ],
          [
            103.9629423,
            1.3463196
          ],
          [
            103.9619956,
            1.3431864
          ],
          [
            103.9615006,
            1.3416205
          ],
          [
            103.9611699,
            1.3405138
          ],
          [
            103.9610997,
            1.3402652
          ],
          [
            103.9606892,
            1.3389236
          ],
          [
            103.9605869,
            1.3383664
          ],
          [
            103.9605832,
            1.3378815
          ],
          [
            103.9606477,
            1.3375857
          ],
          [
            103.9607612,
            1.3371417
          ],
          [
            103.9609654,
            1.3367313
          ],
          [
            103.9612372,
            1.336363
          ],
          [
            103.9614528,
            1.3361424
          ],
          [
            103.9621796,
            1.3355533
          ],
          [
            103.9622336,
            1.3355083
          ]
        ]
      },
      "id": "relation/2313458"
    },
    {
      "type": "Feature",
      "properties": {
        "@id": "relation/7981642",
        "colour": "#0354a6",
        "direction": "west",
        "from": "Expo",
        "from:ref": "12",
        "name": "MRT Downtown Line (Expo → Bukit Panjang)",
        "name:en": "MRT Downtown Line (Expo → Bukit Panjang)",
        "name:zh": "滨海市区线（武吉班让至武吉班让）",
        "network": "Mass Rapid Transit",
        "network:short": "MRT",
        "network:wikidata": "Q40176",
        "operator": "SBS Transit",
        "public_transport:version": "2",
        "ref": "DTL",
        "route": "subway",
        "to": "Bukit Panjang",
        "to:ref": "11",
        "type": "route",
        "wheelchair": "yes",
        "wikidata": "Q1663943",
        "wikipedia": "en:Downtown Line"
      },
      "geometry": {
        "type": "LineString",
        "coordinates": [
          [
            103.9621845,
            1.3354135
          ],
          [
            103.9621187,
            1.3354641
          ],
          [
            103.9613496,
            1.3360662
          ],
          [
            103.9611524,
            1.3362523
          ],
          [
            103.9608075,
            1.3367334
          ],
          [
            103.9606646,
            1.3370207
          ],
          [
            103.9605381,
            1.3373961
          ],
          [
            103.9604545,
            1.3378778
          ],
          [
            103.9604481,
            1.3383512
          ],
          [
            103.9605099,
            1.3388103
          ],
          [
            103.9607501,
            1.3395975
          ],
          [
            103.9613853,
            1.3416617
          ],
          [
            103.9618515,
            1.3432058
          ],
          [
            103.9628092,
            1.3463418
          ],
          [
            103.9632265,
            1.3478321
          ],
          [
            103.9634189,
            1.3488419
          ],
          [
            103.9634863,
            1.3496754
          ],
          [
            103.9635318,
            1.3505496
          ],
          [
            103.9635935,
            1.3520914
          ],
          [
            103.9636017,
            1.3528261
          ],
          [
            103.9635858,
            1.3530998
          ],
          [
            103.9635113,
            1.3536106
          ],
          [
            103.9631815,
            1.3551871
          ],
          [
            103.9630046,
            1.3557054
          ],
          [
            103.9627616,
            1.3561249
          ],
          [
            103.9624504,
            1.3564977
          ],
          [
            103.9622984,
            1.3566114
          ],
          [
            103.9618434,
            1.3569451
          ],
          [
            103.961401,
            1.3571315
          ],
          [
            103.9610743,
            1.357216
          ],
          [
            103.9599794,
            1.3574367
          ],
          [
            103.9595184,
            1.3574405
          ],
          [
            103.9589052,
            1.3573849
          ],
          [
            103.9584799,
            1.3572299
          ],
          [
            103.9579379,
            1.3569157
          ],
          [
            103.9577121,
            1.3567439
          ],
          [
            103.9572131,
            1.3563948
          ],
          [
            103.9565949,
            1.3561781
          ],
          [
            103.9560602,
            1.3561199
          ],
          [
            103.9555459,
            1.3561224
          ],
          [
            103.9550048,
            1.3561421
          ],
          [
            103.9535967,
            1.356213
          ],
          [
            103.9519677,
            1.3563001
          ],
          [
            103.951697,
            1.3563363
          ],
          [
            103.9496729,
            1.3566686
          ],
          [
            103.9489287,
            1.35669
          ],
          [
            103.9476348,
            1.3566375
          ],
          [
            103.9463577,
            1.3566955
          ],
          [
            103.9454424,
            1.3566938
          ],
          [
            103.9451506,
            1.3566491
          ],
          [
            103.9448047,
            1.3565238
          ],
          [
            103.9445553,
            1.3564165
          ],
          [
            103.944088,
            1.3561867
          ],
          [
            103.943455,
            1.3556237
          ],
          [
            103.9430731,
            1.355226
          ],
          [
            103.9424575,
            1.3545849
          ],
          [
            103.9420757,
            1.3542289
          ],
          [
            103.9410447,
            1.3535326
          ],
          [
            103.9403184,
            1.3530049
          ],
          [
            103.9399287,
            1.3525479
          ],
          [
            103.9389245,
            1.3514686
          ],
          [
            103.9386324,
            1.3510213
          ],
          [
            103.9383644,
            1.3503577
          ],
          [
            103.938256,
            1.3498483
          ],
          [
            103.9382333,
            1.3492705
          ],
          [
            103.9384535,
            1.3470032
          ],
          [
            103.9384505,
            1.3464989
          ],
          [
            103.9384337,
            1.3454108
          ],
          [
            103.938425,
            1.3448449
          ],
          [
            103.938458,
            1.3441728
          ],
          [
            103.938589,
            1.3436629
          ],
          [
            103.9397621,
            1.3408855
          ],
          [
            103.9399681,
            1.3400893
          ],
          [
            103.9399744,
            1.3395844
          ],
          [
            103.9398333,
            1.3388792
          ],
          [
            103.9396365,
            1.3384379
          ],
          [
            103.9393842,
            1.3380407
          ],
          [
            103.9390176,
            1.3376495
          ],
          [
            103.9386281,
            1.3373755
          ],
          [
            103.9380978,
            1.3371035
          ],
          [
            103.9377097,
            1.3370253
          ],
          [
            103.933531,
            1.3366056
          ],
          [
            103.932139,
            1.3366489
          ],
          [
            103.9312206,
            1.3366775
          ],
          [
            103.9305985,
            1.3366745
          ],
          [
            103.9301893,
            1.3366273
          ],
          [
            103.9298379,
            1.336571
          ],
          [
            103.9280905,
            1.3362615
          ],
          [
            103.9267145,
            1.3358168
          ],
          [
            103.9222784,
            1.3338991
          ],
          [
            103.9220233,
            1.3338037
          ],
          [
            103.9217484,
            1.3337153
          ],
          [
            103.9214802,
            1.3336576
          ],
          [
            103.9212143,
            1.3336202
          ],
          [
            103.9209156,
            1.333608
          ],
          [
            103.920642,
            1.333624
          ],
          [
            103.9204341,
            1.3336482
          ],
          [
            103.920301,
            1.3336657
          ],
          [
            103.9200492,
            1.3337233
          ],
          [
            103.919746,
            1.333828
          ],
          [
            103.9188125,
            1.3342188
          ],
          [
            103.9179455,
            1.3345829
          ],
          [
            103.9168184,
            1.3350582
          ],
          [
            103.9166602,
            1.3351247
          ],
          [
            103.9147957,
            1.335909
          ],
          [
            103.9143404,
            1.3361036
          ],
          [
            103.9140049,
            1.3362332
          ],
          [
            103.913729,
            1.3363101
          ],
          [
            103.9134765,
            1.3363672
          ],
          [
            103.913223,
            1.3363847
          ],
          [
            103.9130101,
            1.3363863
          ],
          [
            103.9127938,
            1.3363726
          ],
          [
            103.9125288,
            1.3363303
          ],
          [
            103.9123714,
            1.3362975
          ],
          [
            103.9121871,
            1.3362398
          ],
          [
            103.9118953,
            1.3361299
          ],
          [
            103.911603,
            1.3359811
          ],
          [
            103.9109766,
            1.3356339
          ],
          [
            103.9106239,
            1.3354515
          ],
          [
            103.9102683,
            1.3352906
          ],
          [
            103.909944,
            1.3351807
          ],
          [
            103.9096369,
            1.3350935
          ],
          [
            103.90937,
            1.3350386
          ],
          [
            103.9091139,
            1.3349923
          ],
          [
            103.9086794,
            1.3349135
          ],
          [
            103.9075287,
            1.3347047
          ],
          [
            103.9069822,
            1.3346089
          ],
          [
            103.9066122,
            1.3345405
          ],
          [
            103.9063404,
            1.3344667
          ],
          [
            103.9060569,
            1.3343843
          ],
          [
            103.9057618,
            1.3342824
          ],
          [
            103.9055338,
            1.3341804
          ],
          [
            103.9053648,
            1.3341047
          ],
          [
            103.9051381,
            1.3339834
          ],
          [
            103.9049497,
            1.3338762
          ],
          [
            103.9047727,
            1.3337622
          ],
          [
            103.9046121,
            1.3336569
          ],
          [
            103.9044408,
            1.3335235
          ],
          [
            103.9042604,
            1.3333841
          ],
          [
            103.9040693,
            1.3332158
          ],
          [
            103.903919,
            1.3330809
          ],
          [
            103.9032975,
            1.332518
          ],
          [
            103.9026667,
            1.3319435
          ],
          [
            103.9021669,
            1.331495
          ],
          [
            103.9020436,
            1.331385
          ],
          [
            103.9018947,
            1.331261
          ],
          [
            103.9016935,
            1.33111
          ],
          [
            103.9015447,
            1.3310157
          ],
          [
            103.9013777,
            1.3309205
          ],
          [
            103.9011303,
            1.3307939
          ],
          [
            103.9002855,
            1.3303819
          ],
          [
            103.8998736,
            1.3301811
          ],
          [
            103.8993851,
            1.329942
          ],
          [
            103.8986499,
            1.3295822
          ],
          [
            103.8983475,
            1.3294343
          ],
          [
            103.8980578,
            1.3293002
          ],
          [
            103.8976662,
            1.3291433
          ],
          [
            103.8973578,
            1.329026
          ],
          [
            103.8930349,
            1.327471
          ],
          [
            103.891764,
            1.3270679
          ],
          [
            103.8905007,
            1.3265825
          ],
          [
            103.8897164,
            1.3262658
          ],
          [
            103.8886017,
            1.3258156
          ],
          [
            103.8882355,
            1.3256869
          ],
          [
            103.8870922,
            1.3254361
          ],
          [
            103.886583,
            1.3253943
          ],
          [
            103.8860002,
            1.3254609
          ],
          [
            103.8855959,
            1.3255886
          ],
          [
            103.8839339,
            1.3264426
          ],
          [
            103.8832772,
            1.3267712
          ],
          [
            103.8825908,
            1.3271147
          ],
          [
            103.8822341,
            1.3272904
          ],
          [
            103.8818586,
            1.3274299
          ],
          [
            103.8813556,
            1.3275
          ],
          [
            103.8809301,
            1.3274873
          ],
          [
            103.8806757,
            1.3274433
          ],
          [
            103.8803118,
            1.32733
          ],
          [
            103.8800233,
            1.3272142
          ],
          [
            103.8798174,
            1.3271134
          ],
          [
            103.8796364,
            1.3269839
          ],
          [
            103.879289,
            1.3266817
          ],
          [
            103.8790262,
            1.3263734
          ],
          [
            103.8779801,
            1.324751
          ],
          [
            103.8774406,
            1.3241579
          ],
          [
            103.8770682,
            1.3239332
          ],
          [
            103.8765532,
            1.3237348
          ],
          [
            103.8750031,
            1.3230874
          ],
          [
            103.872532,
            1.3218146
          ],
          [
            103.8720696,
            1.3215243
          ],
          [
            103.8682571,
            1.3192362
          ],
          [
            103.8678682,
            1.3190421
          ],
          [
            103.8674766,
            1.3188062
          ],
          [
            103.8672422,
            1.3186344
          ],
          [
            103.8668204,
            1.3182968
          ],
          [
            103.8653308,
            1.3164974
          ],
          [
            103.8650545,
            1.3160067
          ],
          [
            103.8644837,
            1.3149902
          ],
          [
            103.8642421,
            1.3145993
          ],
          [
            103.8639417,
            1.3142748
          ],
          [
            103.8635446,
            1.3139648
          ],
          [
            103.8626634,
            1.3135591
          ],
          [
            103.8622892,
            1.3133869
          ],
          [
            103.8607575,
            1.3126789
          ],
          [
            103.8605458,
            1.3125797
          ],
          [
            103.8601503,
            1.3123081
          ],
          [
            103.8595788,
            1.311757
          ],
          [
            103.8576034,
            1.3087371
          ],
          [
            103.8565412,
            1.307096
          ],
          [
            103.8554587,
            1.305409
          ],
          [
            103.8549089,
            1.3045445
          ],
          [
            103.8544223,
            1.3038326
          ],
          [
            103.8541789,
            1.3034693
          ],
          [
            103.8529025,
            1.3018772
          ],
          [
            103.8509062,
            1.2994887
          ],
          [
            103.8504308,
            1.2989214
          ],
          [
            103.8497796,
            1.2981443
          ],
          [
            103.849023,
            1.2972254
          ],
          [
            103.8487413,
            1.296909
          ],
          [
            103.848207,
            1.2964039
          ],
          [
            103.8475504,
            1.2958283
          ],
          [
            103.8461829,
            1.2948748
          ],
          [
            103.8458016,
            1.2945358
          ],
          [
            103.8454851,
            1.2942087
          ],
          [
            103.844896,
            1.2933622
          ],
          [
            103.8444029,
            1.2924906
          ],
          [
            103.8438614,
            1.2915337
          ],
          [
            103.8434815,
            1.2908621
          ],
          [
            103.8433635,
            1.2905672
          ],
          [
            103.8432713,
            1.2902481
          ],
          [
            103.8431704,
            1.2895321
          ],
          [
            103.8431355,
            1.2892827
          ],
          [
            103.8431011,
            1.2891393
          ],
          [
            103.8430095,
            1.2887786
          ],
          [
            103.8427489,
            1.2881048
          ],
          [
            103.8425747,
            1.2875145
          ],
          [
            103.8425169,
            1.2870773
          ],
          [
            103.8425381,
            1.2866612
          ],
          [
            103.8426232,
            1.286392
          ],
          [
            103.8427306,
            1.2861764
          ],
          [
            103.8429399,
            1.2859348
          ],
          [
            103.8432264,
            1.2856443
          ],
          [
            103.8439834,
            1.2850368
          ],
          [
            103.8446489,
            1.2845749
          ],
          [
            103.8451547,
            1.2842932
          ],
          [
            103.8462694,
            1.2836723
          ],
          [
            103.8483777,
            1.2823961
          ],
          [
            103.8489264,
            1.282064
          ],
          [
            103.8494995,
            1.281732
          ],
          [
            103.8502797,
            1.28128
          ],
          [
            103.8513984,
            1.2805934
          ],
          [
            103.8516945,
            1.2803103
          ],
          [
            103.8520405,
            1.2800234
          ],
          [
            103.8524393,
            1.2797832
          ],
          [
            103.8528783,
            1.2795034
          ],
          [
            103.8533109,
            1.2792277
          ],
          [
            103.854527,
            1.2784369
          ],
          [
            103.8546878,
            1.2783748
          ],
          [
            103.8548962,
            1.2783009
          ],
          [
            103.8550143,
            1.2782948
          ],
          [
            103.8552032,
            1.2782935
          ],
          [
            103.8553529,
            1.2782834
          ],
          [
            103.8556944,
            1.2783727
          ],
          [
            103.8559778,
            1.2784504
          ],
          [
            103.8563228,
            1.2786433
          ],
          [
            103.856539,
            1.2787669
          ],
          [
            103.8571755,
            1.2793294
          ],
          [
            103.8577202,
            1.280039
          ],
          [
            103.8579386,
            1.2803574
          ],
          [
            103.8584895,
            1.2811647
          ],
          [
            103.8590703,
            1.2820182
          ],
          [
            103.8600245,
            1.2834961
          ],
          [
            103.8602887,
            1.2839576
          ],
          [
            103.8605403,
            1.2844122
          ],
          [
            103.8609966,
            1.2854164
          ],
          [
            103.8611651,
            1.2860301
          ],
          [
            103.861252,
            1.28663
          ],
          [
            103.8612554,
            1.287621
          ],
          [
            103.8611109,
            1.2884727
          ],
          [
            103.8609284,
            1.2895678
          ],
          [
            103.8608414,
            1.2913093
          ],
          [
            103.8609162,
            1.2928819
          ],
          [
            103.8609691,
            1.2940438
          ],
          [
            103.8609637,
            1.2943343
          ],
          [
            103.8609071,
            1.2947955
          ],
          [
            103.8607628,
            1.2952794
          ],
          [
            103.8605458,
            1.2956635
          ],
          [
            103.8604294,
            1.2958478
          ],
          [
            103.8601641,
            1.2961227
          ],
          [
            103.859885,
            1.2963261
          ],
          [
            103.8589274,
            1.2969654
          ],
          [
            103.8585233,
            1.2973127
          ],
          [
            103.8581038,
            1.2978304
          ],
          [
            103.8575291,
            1.2986409
          ],
          [
            103.8567466,
            1.2996491
          ],
          [
            103.8555545,
            1.3008526
          ],
          [
            103.8546457,
            1.3017991
          ],
          [
            103.8541502,
            1.3024112
          ],
          [
            103.853814,
            1.3029725
          ],
          [
            103.8533489,
            1.3035032
          ],
          [
            103.8527835,
            1.3037708
          ],
          [
            103.8525465,
            1.3038751
          ],
          [
            103.8519641,
            1.3041312
          ],
          [
            103.8513597,
            1.3045089
          ],
          [
            103.850707,
            1.3049932
          ],
          [
            103.8494915,
            1.3061146
          ],
          [
            103.8491021,
            1.3064546
          ],
          [
            103.8477906,
            1.3075997
          ],
          [
            103.8474092,
            1.307903
          ],
          [
            103.8466195,
            1.3087512
          ],
          [
            103.8456759,
            1.309759
          ],
          [
            103.8448196,
            1.3102613
          ],
          [
            103.8442756,
            1.3105079
          ],
          [
            103.8420437,
            1.311433
          ],
          [
            103.8404522,
            1.3119249
          ],
          [
            103.8392373,
            1.3124648
          ],
          [
            103.8385562,
            1.3130225
          ],
          [
            103.8383038,
            1.3132518
          ],
          [
            103.8379629,
            1.3136097
          ],
          [
            103.8373183,
            1.3142867
          ],
          [
            103.8364658,
            1.3156347
          ],
          [
            103.8357653,
            1.3164717
          ],
          [
            103.8351932,
            1.3170931
          ],
          [
            103.8344523,
            1.3174848
          ],
          [
            103.8292876,
            1.3193097
          ],
          [
            103.8282157,
            1.3196251
          ],
          [
            103.826817,
            1.3198244
          ],
          [
            103.8258623,
            1.3201051
          ],
          [
            103.8253411,
            1.3202583
          ],
          [
            103.8248015,
            1.3205067
          ],
          [
            103.8237045,
            1.3210555
          ],
          [
            103.8207532,
            1.3219274
          ],
          [
            103.819306,
            1.3222127
          ],
          [
            103.8180552,
            1.3223702
          ],
          [
            103.8167787,
            1.3223735
          ],
          [
            103.8161724,
            1.3224273
          ],
          [
            103.8158012,
            1.3224602
          ],
          [
            103.8151898,
            1.3225494
          ],
          [
            103.8132651,
            1.3228754
          ],
          [
            103.8116554,
            1.3232144
          ],
          [
            103.8108921,
            1.3235475
          ],
          [
            103.8093422,
            1.3246311
          ],
          [
            103.8082084,
            1.3251918
          ],
          [
            103.8069356,
            1.3259997
          ],
          [
            103.8062508,
            1.3264344
          ],
          [
            103.8052517,
            1.3270505
          ],
          [
            103.8046183,
            1.3275905
          ],
          [
            103.8041842,
            1.3282399
          ],
          [
            103.803505,
            1.3288613
          ],
          [
            103.8018917,
            1.329516
          ],
          [
            103.800667,
            1.3299741
          ],
          [
            103.7989271,
            1.3302521
          ],
          [
            103.7986313,
            1.3303132
          ],
          [
            103.7981398,
            1.3304602
          ],
          [
            103.7972324,
            1.3307656
          ],
          [
            103.7965761,
            1.3309864
          ],
          [
            103.7930701,
            1.3322566
          ],
          [
            103.7848022,
            1.3351478
          ],
          [
            103.7837746,
            1.3355483
          ],
          [
            103.7828179,
            1.3359213
          ],
          [
            103.7792557,
            1.337414
          ],
          [
            103.7786238,
            1.3376685
          ],
          [
            103.7777829,
            1.3381723
          ],
          [
            103.7769724,
            1.3389545
          ],
          [
            103.7761599,
            1.3399587
          ],
          [
            103.7758877,
            1.3407797
          ],
          [
            103.7758058,
            1.3411398
          ],
          [
            103.7755516,
            1.3422582
          ],
          [
            103.7753747,
            1.343063
          ],
          [
            103.7748069,
            1.3442588
          ],
          [
            103.7745452,
            1.3445726
          ],
          [
            103.7741136,
            1.3450004
          ],
          [
            103.7736021,
            1.3453051
          ],
          [
            103.7724619,
            1.3460182
          ],
          [
            103.7718077,
            1.3466165
          ],
          [
            103.7703618,
            1.3486562
          ],
          [
            103.7701868,
            1.3490623
          ],
          [
            103.7698469,
            1.3521371
          ],
          [
            103.769375,
            1.3537337
          ],
          [
            103.7691426,
            1.3544301
          ],
          [
            103.7688494,
            1.355309
          ],
          [
            103.7687062,
            1.3555724
          ],
          [
            103.768159,
            1.3563092
          ],
          [
            103.7677781,
            1.3568064
          ],
          [
            103.7674956,
            1.3573217
          ],
          [
            103.7673896,
            1.3581028
          ],
          [
            103.7670194,
            1.3614359
          ],
          [
            103.7671423,
            1.3618608
          ],
          [
            103.7672764,
            1.3623244
          ],
          [
            103.7676083,
            1.3635309
          ],
          [
            103.7676359,
            1.3642073
          ],
          [
            103.7674653,
            1.3647391
          ],
          [
            103.7664303,
            1.3665024
          ],
          [
            103.7653815,
            1.3681344
          ],
          [
            103.7646268,
            1.3692701
          ],
          [
            103.7637798,
            1.3705447
          ],
          [
            103.7633398,
            1.3713088
          ],
          [
            103.7631745,
            1.3716581
          ],
          [
            103.7630132,
            1.3721023
          ],
          [
            103.7628633,
            1.3726591
          ],
          [
            103.7627621,
            1.3734203
          ],
          [
            103.7625556,
            1.3749592
          ],
          [
            103.7624611,
            1.3756291
          ],
          [
            103.7623403,
            1.3765934
          ],
          [
            103.7622766,
            1.3770366
          ],
          [
            103.7621747,
            1.3776447
          ],
          [
            103.7620908,
            1.3779213
          ],
          [
            103.7620107,
            1.3781287
          ],
          [
            103.7619157,
            1.3783315
          ],
          [
            103.7617591,
            1.3786244
          ],
          [
            103.7608968,
            1.3802374
          ],
          [
            103.7599559,
            1.3819726
          ],
          [
            103.7597576,
            1.3823166
          ],
          [
            103.7595453,
            1.3826344
          ],
          [
            103.7592458,
            1.3830154
          ],
          [
            103.7584908,
            1.3839168
          ],
          [
            103.7581927,
            1.3843344
          ],
          [
            103.7578317,
            1.3847948
          ],
          [
            103.7563346,
            1.3865964
          ],
          [
            103.7561315,
            1.3868798
          ],
          [
            103.7560132,
            1.3870885
          ],
          [
            103.7559122,
            1.3873008
          ],
          [
            103.7557499,
            1.3878554
          ],
          [
            103.7556362,
            1.3888639
          ],
          [
            103.7554338,
            1.3901531
          ]
        ]
      },
      "id": "relation/7981642"
    },
    {
      "type": "Feature",
      "properties": {
        "@id": "node/1542878791",
        "@relations": [
          {
            "role": "stop",
            "rel": 2313458,
            "reltags": {
              "colour": "#0354a6",
              "direction": "east",
              "from": "Bukit Panjang",
              "from:ref": "11",
              "name": "MRT Downtown Line (Bukit Panjang → Expo)",
              "name:en": "MRT Downtown Line (Bukit Panjang → Expo)",
              "name:zh": "滨海市区线（武吉班让→博览）",
              "network": "Mass Rapid Transit",
              "network:short": "MRT",
              "network:wikidata": "Q40176",
              "operator": "SBS Transit",
              "public_transport:version": "2",
              "ref": "DTL",
              "route": "subway",
              "to": "Expo",
              "to:ref": "12",
              "type": "route",
              "wheelchair": "yes",
              "wikidata": "Q1663943",
              "wikipedia": "en:Downtown Line"
            }
          }
        ]
      },
      "geometry": {
        "type": "Point",
        "coordinates": [
          103.8567563,
          1.2997631
        ]
      },
      "id": "node/1542878791"
    },
    {
      "type": "Feature",
      "properties": {
        "@id": "node/1840076836",
        "@relations": [
          {
            "role": "stop",
            "rel": 2313458,
            "reltags": {
              "colour": "#0354a6",
              "direction": "east",
              "from": "Bukit Panjang",
              "from:ref": "11",
              "name": "MRT Downtown Line (Bukit Panjang → Expo)",
              "name:en": "MRT Downtown Line (Bukit Panjang → Expo)",
              "name:zh": "滨海市区线（武吉班让→博览）",
              "network": "Mass Rapid Transit",
              "network:short": "MRT",
              "network:wikidata": "Q40176",
              "operator": "SBS Transit",
              "public_transport:version": "2",
              "ref": "DTL",
              "route": "subway",
              "to": "Expo",
              "to:ref": "12",
              "type": "route",
              "wheelchair": "yes",
              "wikidata": "Q1663943",
              "wikipedia": "en:Downtown Line"
            }
          }
        ]
      },
      "geometry": {
        "type": "Point",
        "coordinates": [
          103.767437,
          1.3622771
        ]
      },
      "id": "node/1840076836"
    },
    {
      "type": "Feature",
      "properties": {
        "@id": "node/1840076843",
        "@relations": [
          {
            "role": "stop",
            "rel": 2313458,
            "reltags": {
              "colour": "#0354a6",
              "direction": "east",
              "from": "Bukit Panjang",
              "from:ref": "11",
              "name": "MRT Downtown Line (Bukit Panjang → Expo)",
              "name:en": "MRT Downtown Line (Bukit Panjang → Expo)",
              "name:zh": "滨海市区线（武吉班让→博览）",
              "network": "Mass Rapid Transit",
              "network:short": "MRT",
              "network:wikidata": "Q40176",
              "operator": "SBS Transit",
              "public_transport:version": "2",
              "ref": "DTL",
              "route": "subway",
              "to": "Expo",
              "to:ref": "12",
              "type": "route",
              "wheelchair": "yes",
              "wikidata": "Q1663943",
              "wikipedia": "en:Downtown Line"
            }
          }
        ]
      },
      "geometry": {
        "type": "Point",
        "coordinates": [
          103.8380771,
          1.3137074
        ]
      },
      "id": "node/1840076843"
    },
    {
      "type": "Feature",
      "properties": {
        "@id": "node/1840076847",
        "@relations": [
          {
            "role": "stop",
            "rel": 2313458,
            "reltags": {
              "colour": "#0354a6",
              "direction": "east",
              "from": "Bukit Panjang",
              "from:ref": "11",
              "name": "MRT Downtown Line (Bukit Panjang → Expo)",
              "name:en": "MRT Downtown Line (Bukit Panjang → Expo)",
              "name:zh": "滨海市区线（武吉班让→博览）",
              "network": "Mass Rapid Transit",
              "network:short": "MRT",
              "network:wikidata": "Q40176",
              "operator": "SBS Transit",
              "public_transport:version": "2",
              "ref": "DTL",
              "route": "subway",
              "to": "Expo",
              "to:ref": "12",
              "type": "route",
              "wheelchair": "yes",
              "wikidata": "Q1663943",
              "wikipedia": "en:Downtown Line"
            }
          }
        ]
      },
      "geometry": {
        "type": "Point",
        "coordinates": [
          103.7973038,
          1.3309436
        ]
      },
      "id": "node/1840076847"
    },
    {
      "type": "Feature",
      "properties": {
        "@id": "node/1840076854",
        "@relations": [
          {
            "role": "stop",
            "rel": 2313458,
            "reltags": {
              "colour": "#0354a6",
              "direction": "east",
              "from": "Bukit Panjang",
              "from:ref": "11",
              "name": "MRT Downtown Line (Bukit Panjang → Expo)",
              "name:en": "MRT Downtown Line (Bukit Panjang → Expo)",
              "name:zh": "滨海市区线（武吉班让→博览）",
              "network": "Mass Rapid Transit",
              "network:short": "MRT",
              "network:wikidata": "Q40176",
              "operator": "SBS Transit",
              "public_transport:version": "2",
              "ref": "DTL",
              "route": "subway",
              "to": "Expo",
              "to:ref": "12",
              "type": "route",
              "wheelchair": "yes",
              "wikidata": "Q1663943",
              "wikipedia": "en:Downtown Line"
            }
          }
        ]
      },
      "geometry": {
        "type": "Point",
        "coordinates": [
          103.8070376,
          1.3261552
        ]
      },
      "id": "node/1840076854"
    },
    {
      "type": "Feature",
      "properties": {
        "@id": "node/1840076972",
        "@relations": [
          {
            "role": "stop",
            "rel": 2313458,
            "reltags": {
              "colour": "#0354a6",
              "direction": "east",
              "from": "Bukit Panjang",
              "from:ref": "11",
              "name": "MRT Downtown Line (Bukit Panjang → Expo)",
              "name:en": "MRT Downtown Line (Bukit Panjang → Expo)",
              "name:zh": "滨海市区线（武吉班让→博览）",
              "network": "Mass Rapid Transit",
              "network:short": "MRT",
              "network:wikidata": "Q40176",
              "operator": "SBS Transit",
              "public_transport:version": "2",
              "ref": "DTL",
              "route": "subway",
              "to": "Expo",
              "to:ref": "12",
              "type": "route",
              "wheelchair": "yes",
              "wikidata": "Q1663943",
              "wikipedia": "en:Downtown Line"
            }
          }
        ]
      },
      "geometry": {
        "type": "Point",
        "coordinates": [
          103.7693363,
          1.3544893
        ]
      },
      "id": "node/1840076972"
    },
    {
      "type": "Feature",
      "properties": {
        "@id": "node/1840700819",
        "@relations": [
          {
            "role": "stop",
            "rel": 2313458,
            "reltags": {
              "colour": "#0354a6",
              "direction": "east",
              "from": "Bukit Panjang",
              "from:ref": "11",
              "name": "MRT Downtown Line (Bukit Panjang → Expo)",
              "name:en": "MRT Downtown Line (Bukit Panjang → Expo)",
              "name:zh": "滨海市区线（武吉班让→博览）",
              "network": "Mass Rapid Transit",
              "network:short": "MRT",
              "network:wikidata": "Q40176",
              "operator": "SBS Transit",
              "public_transport:version": "2",
              "ref": "DTL",
              "route": "subway",
              "to": "Expo",
              "to:ref": "12",
              "type": "route",
              "wheelchair": "yes",
              "wikidata": "Q1663943",
              "wikipedia": "en:Downtown Line"
            }
          }
        ]
      },
      "geometry": {
        "type": "Point",
        "coordinates": [
          103.955005,
          1.3562947
        ]
      },
      "id": "node/1840700819"
    },
    {
      "type": "Feature",
      "properties": {
        "@id": "node/1840701015",
        "@relations": [
          {
            "role": "stop_exit_only",
            "rel": 2313458,
            "reltags": {
              "colour": "#0354a6",
              "direction": "east",
              "from": "Bukit Panjang",
              "from:ref": "11",
              "name": "MRT Downtown Line (Bukit Panjang → Expo)",
              "name:en": "MRT Downtown Line (Bukit Panjang → Expo)",
              "name:zh": "滨海市区线（武吉班让→博览）",
              "network": "Mass Rapid Transit",
              "network:short": "MRT",
              "network:wikidata": "Q40176",
              "operator": "SBS Transit",
              "public_transport:version": "2",
              "ref": "DTL",
              "route": "subway",
              "to": "Expo",
              "to:ref": "12",
              "type": "route",
              "wheelchair": "yes",
              "wikidata": "Q1663943",
              "wikipedia": "en:Downtown Line"
            }
          }
        ]
      },
      "geometry": {
        "type": "Point",
        "coordinates": [
          103.9621796,
          1.3355533
        ]
      },
      "id": "node/1840701015"
    },
    {
      "type": "Feature",
      "properties": {
        "@id": "node/1840733398",
        "@relations": [
          {
            "role": "stop",
            "rel": 2313458,
            "reltags": {
              "colour": "#0354a6",
              "direction": "east",
              "from": "Bukit Panjang",
              "from:ref": "11",
              "name": "MRT Downtown Line (Bukit Panjang → Expo)",
              "name:en": "MRT Downtown Line (Bukit Panjang → Expo)",
              "name:zh": "滨海市区线（武吉班让→博览）",
              "network": "Mass Rapid Transit",
              "network:short": "MRT",
              "network:wikidata": "Q40176",
              "operator": "SBS Transit",
              "public_transport:version": "2",
              "ref": "DTL",
              "route": "subway",
              "to": "Expo",
              "to:ref": "12",
              "type": "route",
              "wheelchair": "yes",
              "wikidata": "Q1663943",
              "wikipedia": "en:Downtown Line"
            }
          }
        ]
      },
      "geometry": {
        "type": "Point",
        "coordinates": [
          103.9180066,
          1.3347298
        ]
      },
      "id": "node/1840733398"
    },
    {
      "type": "Feature",
      "properties": {
        "@id": "node/1840733399",
        "@relations": [
          {
            "role": "stop",
            "rel": 2313458,
            "reltags": {
              "colour": "#0354a6",
              "direction": "east",
              "from": "Bukit Panjang",
              "from:ref": "11",
              "name": "MRT Downtown Line (Bukit Panjang → Expo)",
              "name:en": "MRT Downtown Line (Bukit Panjang → Expo)",
              "name:zh": "滨海市区线（武吉班让→博览）",
              "network": "Mass Rapid Transit",
              "network:short": "MRT",
              "network:wikidata": "Q40176",
              "operator": "SBS Transit",
              "public_transport:version": "2",
              "ref": "DTL",
              "route": "subway",
              "to": "Expo",
              "to:ref": "12",
              "type": "route",
              "wheelchair": "yes",
              "wikidata": "Q1663943",
              "wikipedia": "en:Downtown Line"
            }
          }
        ]
      },
      "geometry": {
        "type": "Point",
        "coordinates": [
          103.9321366,
          1.3367791
        ]
      },
      "id": "node/1840733399"
    },
    {
      "type": "Feature",
      "properties": {
        "@id": "node/1840733401",
        "@relations": [
          {
            "role": "stop",
            "rel": 2313458,
            "reltags": {
              "colour": "#0354a6",
              "direction": "east",
              "from": "Bukit Panjang",
              "from:ref": "11",
              "name": "MRT Downtown Line (Bukit Panjang → Expo)",
              "name:en": "MRT Downtown Line (Bukit Panjang → Expo)",
              "name:zh": "滨海市区线（武吉班让→博览）",
              "network": "Mass Rapid Transit",
              "network:short": "MRT",
              "network:wikidata": "Q40176",
              "operator": "SBS Transit",
              "public_transport:version": "2",
              "ref": "DTL",
              "route": "subway",
              "to": "Expo",
              "to:ref": "12",
              "type": "route",
              "wheelchair": "yes",
              "wikidata": "Q1663943",
              "wikipedia": "en:Downtown Line"
            }
          }
        ]
      },
      "geometry": {
        "type": "Point",
        "coordinates": [
          103.862606,
          1.3136853
        ]
      },
      "id": "node/1840733401"
    },
    {
      "type": "Feature",
      "properties": {
        "@id": "node/1840733412",
        "@relations": [
          {
            "role": "stop",
            "rel": 2313458,
            "reltags": {
              "colour": "#0354a6",
              "direction": "east",
              "from": "Bukit Panjang",
              "from:ref": "11",
              "name": "MRT Downtown Line (Bukit Panjang → Expo)",
              "name:en": "MRT Downtown Line (Bukit Panjang → Expo)",
              "name:zh": "滨海市区线（武吉班让→博览）",
              "network": "Mass Rapid Transit",
              "network:short": "MRT",
              "network:wikidata": "Q40176",
              "operator": "SBS Transit",
              "public_transport:version": "2",
              "ref": "DTL",
              "route": "subway",
              "to": "Expo",
              "to:ref": "12",
              "type": "route",
              "wheelchair": "yes",
              "wikidata": "Q1663943",
              "wikipedia": "en:Downtown Line"
            }
          }
        ]
      },
      "geometry": {
        "type": "Point",
        "coordinates": [
          103.8720129,
          1.3216183
        ]
      },
      "id": "node/1840733412"
    },
    {
      "type": "Feature",
      "properties": {
        "@id": "node/1840733417",
        "@relations": [
          {
            "role": "stop",
            "rel": 2313458,
            "reltags": {
              "colour": "#0354a6",
              "direction": "east",
              "from": "Bukit Panjang",
              "from:ref": "11",
              "name": "MRT Downtown Line (Bukit Panjang → Expo)",
              "name:en": "MRT Downtown Line (Bukit Panjang → Expo)",
              "name:zh": "滨海市区线（武吉班让→博览）",
              "network": "Mass Rapid Transit",
              "network:short": "MRT",
              "network:wikidata": "Q40176",
              "operator": "SBS Transit",
              "public_transport:version": "2",
              "ref": "DTL",
              "route": "subway",
              "to": "Expo",
              "to:ref": "12",
              "type": "route",
              "wheelchair": "yes",
              "wikidata": "Q1663943",
              "wikipedia": "en:Downtown Line"
            }
          }
        ]
      },
      "geometry": {
        "type": "Point",
        "coordinates": [
          103.9086436,
          1.3350675
        ]
      },
      "id": "node/1840733417"
    },
    {
      "type": "Feature",
      "properties": {
        "@id": "node/1840733443",
        "@relations": [
          {
            "role": "stop",
            "rel": 2313458,
            "reltags": {
              "colour": "#0354a6",
              "direction": "east",
              "from": "Bukit Panjang",
              "from:ref": "11",
              "name": "MRT Downtown Line (Bukit Panjang → Expo)",
              "name:en": "MRT Downtown Line (Bukit Panjang → Expo)",
              "name:zh": "滨海市区线（武吉班让→博览）",
              "network": "Mass Rapid Transit",
              "network:short": "MRT",
              "network:wikidata": "Q40176",
              "operator": "SBS Transit",
              "public_transport:version": "2",
              "ref": "DTL",
              "route": "subway",
              "to": "Expo",
              "to:ref": "12",
              "type": "route",
              "wheelchair": "yes",
              "wikidata": "Q1663943",
              "wikipedia": "en:Downtown Line"
            }
          }
        ]
      },
      "geometry": {
        "type": "Point",
        "coordinates": [
          103.8258805,
          1.3201703
        ]
      },
      "id": "node/1840733443"
    },
    {
      "type": "Feature",
      "properties": {
        "@id": "node/1840733452",
        "@relations": [
          {
            "role": "stop",
            "rel": 2313458,
            "reltags": {
              "colour": "#0354a6",
              "direction": "east",
              "from": "Bukit Panjang",
              "from:ref": "11",
              "name": "MRT Downtown Line (Bukit Panjang → Expo)",
              "name:en": "MRT Downtown Line (Bukit Panjang → Expo)",
              "name:zh": "滨海市区线（武吉班让→博览）",
              "network": "Mass Rapid Transit",
              "network:short": "MRT",
              "network:wikidata": "Q40176",
              "operator": "SBS Transit",
              "public_transport:version": "2",
              "ref": "DTL",
              "route": "subway",
              "to": "Expo",
              "to:ref": "12",
              "type": "route",
              "wheelchair": "yes",
              "wikidata": "Q1663943",
              "wikipedia": "en:Downtown Line"
            }
          }
        ]
      },
      "geometry": {
        "type": "Point",
        "coordinates": [
          103.8993206,
          1.3300836
        ]
      },
      "id": "node/1840733452"
    },
    {
      "type": "Feature",
      "properties": {
        "@id": "node/3067274650",
        "@relations": [
          {
            "role": "stop",
            "rel": 2313458,
            "reltags": {
              "colour": "#0354a6",
              "direction": "east",
              "from": "Bukit Panjang",
              "from:ref": "11",
              "name": "MRT Downtown Line (Bukit Panjang → Expo)",
              "name:en": "MRT Downtown Line (Bukit Panjang → Expo)",
              "name:zh": "滨海市区线（武吉班让→博览）",
              "network": "Mass Rapid Transit",
              "network:short": "MRT",
              "network:wikidata": "Q40176",
              "operator": "SBS Transit",
              "public_transport:version": "2",
              "ref": "DTL",
              "route": "subway",
              "to": "Expo",
              "to:ref": "12",
              "type": "route",
              "wheelchair": "yes",
              "wikidata": "Q1663943",
              "wikipedia": "en:Downtown Line"
            }
          }
        ]
      },
      "geometry": {
        "type": "Point",
        "coordinates": [
          103.8553671,
          1.305462
        ]
      },
      "id": "node/3067274650"
    },
    {
      "type": "Feature",
      "properties": {
        "@id": "node/4008935462",
        "@relations": [
          {
            "role": "stop",
            "rel": 2313458,
            "reltags": {
              "colour": "#0354a6",
              "direction": "east",
              "from": "Bukit Panjang",
              "from:ref": "11",
              "name": "MRT Downtown Line (Bukit Panjang → Expo)",
              "name:en": "MRT Downtown Line (Bukit Panjang → Expo)",
              "name:zh": "滨海市区线（武吉班让→博览）",
              "network": "Mass Rapid Transit",
              "network:short": "MRT",
              "network:wikidata": "Q40176",
              "operator": "SBS Transit",
              "public_transport:version": "2",
              "ref": "DTL",
              "route": "subway",
              "to": "Expo",
              "to:ref": "12",
              "type": "route",
              "wheelchair": "yes",
              "wikidata": "Q1663943",
              "wikipedia": "en:Downtown Line"
            }
          }
        ]
      },
      "geometry": {
        "type": "Point",
        "coordinates": [
          103.8503476,
          1.2989964
        ]
      },
      "id": "node/4008935462"
    },
    {
      "type": "Feature",
      "properties": {
        "@id": "node/12840114851",
        "@relations": [
          {
            "role": "stop",
            "rel": 7981642,
            "reltags": {
              "colour": "#0354a6",
              "direction": "west",
              "from": "Expo",
              "from:ref": "12",
              "name": "MRT Downtown Line (Expo → Bukit Panjang)",
              "name:en": "MRT Downtown Line (Expo → Bukit Panjang)",
              "name:zh": "滨海市区线（武吉班让至武吉班让）",
              "network": "Mass Rapid Transit",
              "network:short": "MRT",
              "network:wikidata": "Q40176",
              "operator": "SBS Transit",
              "public_transport:version": "2",
              "ref": "DTL",
              "route": "subway",
              "to": "Bukit Panjang",
              "to:ref": "11",
              "type": "route",
              "wheelchair": "yes",
              "wikidata": "Q1663943",
              "wikipedia": "en:Downtown Line"
            }
          }
        ]
      },
      "geometry": {
        "type": "Point",
        "coordinates": [
          103.8069356,
          1.3259997
        ]
      },
      "id": "node/12840114851"
    },
    {
      "type": "Feature",
      "properties": {
        "@id": "node/7106086689",
        "@relations": [
          {
            "role": "stop",
            "rel": 2313458,
            "reltags": {
              "colour": "#0354a6",
              "direction": "east",
              "from": "Bukit Panjang",
              "from:ref": "11",
              "name": "MRT Downtown Line (Bukit Panjang → Expo)",
              "name:en": "MRT Downtown Line (Bukit Panjang → Expo)",
              "name:zh": "滨海市区线（武吉班让→博览）",
              "network": "Mass Rapid Transit",
              "network:short": "MRT",
              "network:wikidata": "Q40176",
              "operator": "SBS Transit",
              "public_transport:version": "2",
              "ref": "DTL",
              "route": "subway",
              "to": "Expo",
              "to:ref": "12",
              "type": "route",
              "wheelchair": "yes",
              "wikidata": "Q1663943",
              "wikipedia": "en:Downtown Line"
            }
          }
        ]
      },
      "geometry": {
        "type": "Point",
        "coordinates": [
          103.7759499,
          1.3411579
        ]
      },
      "id": "node/7106086689"
    },
    {
      "type": "Feature",
      "properties": {
        "@id": "node/12840114781",
        "@relations": [
          {
            "role": "stop",
            "rel": 7981642,
            "reltags": {
              "colour": "#0354a6",
              "direction": "west",
              "from": "Expo",
              "from:ref": "12",
              "name": "MRT Downtown Line (Expo → Bukit Panjang)",
              "name:en": "MRT Downtown Line (Expo → Bukit Panjang)",
              "name:zh": "滨海市区线（武吉班让至武吉班让）",
              "network": "Mass Rapid Transit",
              "network:short": "MRT",
              "network:wikidata": "Q40176",
              "operator": "SBS Transit",
              "public_transport:version": "2",
              "ref": "DTL",
              "route": "subway",
              "to": "Bukit Panjang",
              "to:ref": "11",
              "type": "route",
              "wheelchair": "yes",
              "wikidata": "Q1663943",
              "wikipedia": "en:Downtown Line"
            }
          }
        ]
      },
      "geometry": {
        "type": "Point",
        "coordinates": [
          103.7758058,
          1.3411398
        ]
      },
      "id": "node/12840114781"
    },
    {
      "type": "Feature",
      "properties": {
        "@id": "node/7106086687",
        "@relations": [
          {
            "role": "stop",
            "rel": 2313458,
            "reltags": {
              "colour": "#0354a6",
              "direction": "east",
              "from": "Bukit Panjang",
              "from:ref": "11",
              "name": "MRT Downtown Line (Bukit Panjang → Expo)",
              "name:en": "MRT Downtown Line (Bukit Panjang → Expo)",
              "name:zh": "滨海市区线（武吉班让→博览）",
              "network": "Mass Rapid Transit",
              "network:short": "MRT",
              "network:wikidata": "Q40176",
              "operator": "SBS Transit",
              "public_transport:version": "2",
              "ref": "DTL",
              "route": "subway",
              "to": "Expo",
              "to:ref": "12",
              "type": "route",
              "wheelchair": "yes",
              "wikidata": "Q1663943",
              "wikipedia": "en:Downtown Line"
            }
          }
        ]
      },
      "geometry": {
        "type": "Point",
        "coordinates": [
          103.7838362,
          1.3357077
        ]
      },
      "id": "node/7106086687"
    },
    {
      "type": "Feature",
      "properties": {
        "@id": "node/12840114853",
        "@relations": [
          {
            "role": "stop",
            "rel": 7981642,
            "reltags": {
              "colour": "#0354a6",
              "direction": "west",
              "from": "Expo",
              "from:ref": "12",
              "name": "MRT Downtown Line (Expo → Bukit Panjang)",
              "name:en": "MRT Downtown Line (Expo → Bukit Panjang)",
              "name:zh": "滨海市区线（武吉班让至武吉班让）",
              "network": "Mass Rapid Transit",
              "network:short": "MRT",
              "network:wikidata": "Q40176",
              "operator": "SBS Transit",
              "public_transport:version": "2",
              "ref": "DTL",
              "route": "subway",
              "to": "Bukit Panjang",
              "to:ref": "11",
              "type": "route",
              "wheelchair": "yes",
              "wikidata": "Q1663943",
              "wikipedia": "en:Downtown Line"
            }
          }
        ]
      },
      "geometry": {
        "type": "Point",
        "coordinates": [
          103.7837746,
          1.3355483
        ]
      },
      "id": "node/12840114853"
    },
    {
      "type": "Feature",
      "properties": {
        "@id": "node/12840114852",
        "@relations": [
          {
            "role": "stop",
            "rel": 7981642,
            "reltags": {
              "colour": "#0354a6",
              "direction": "west",
              "from": "Expo",
              "from:ref": "12",
              "name": "MRT Downtown Line (Expo → Bukit Panjang)",
              "name:en": "MRT Downtown Line (Expo → Bukit Panjang)",
              "name:zh": "滨海市区线（武吉班让至武吉班让）",
              "network": "Mass Rapid Transit",
              "network:short": "MRT",
              "network:wikidata": "Q40176",
              "operator": "SBS Transit",
              "public_transport:version": "2",
              "ref": "DTL",
              "route": "subway",
              "to": "Bukit Panjang",
              "to:ref": "11",
              "type": "route",
              "wheelchair": "yes",
              "wikidata": "Q1663943",
              "wikipedia": "en:Downtown Line"
            }
          }
        ]
      },
      "geometry": {
        "type": "Point",
        "coordinates": [
          103.7972324,
          1.3307656
        ]
      },
      "id": "node/12840114852"
    },
    {
      "type": "Feature",
      "properties": {
        "@id": "node/12840114854",
        "@relations": [
          {
            "role": "stop",
            "rel": 7981642,
            "reltags": {
              "colour": "#0354a6",
              "direction": "west",
              "from": "Expo",
              "from:ref": "12",
              "name": "MRT Downtown Line (Expo → Bukit Panjang)",
              "name:en": "MRT Downtown Line (Expo → Bukit Panjang)",
              "name:zh": "滨海市区线（武吉班让至武吉班让）",
              "network": "Mass Rapid Transit",
              "network:short": "MRT",
              "network:wikidata": "Q40176",
              "operator": "SBS Transit",
              "public_transport:version": "2",
              "ref": "DTL",
              "route": "subway",
              "to": "Bukit Panjang",
              "to:ref": "11",
              "type": "route",
              "wheelchair": "yes",
              "wikidata": "Q1663943",
              "wikipedia": "en:Downtown Line"
            }
          }
        ]
      },
      "geometry": {
        "type": "Point",
        "coordinates": [
          103.7691426,
          1.3544301
        ]
      },
      "id": "node/12840114854"
    },
    {
      "type": "Feature",
      "properties": {
        "@id": "node/12840114855",
        "@relations": [
          {
            "role": "stop",
            "rel": 7981642,
            "reltags": {
              "colour": "#0354a6",
              "direction": "west",
              "from": "Expo",
              "from:ref": "12",
              "name": "MRT Downtown Line (Expo → Bukit Panjang)",
              "name:en": "MRT Downtown Line (Expo → Bukit Panjang)",
              "name:zh": "滨海市区线（武吉班让至武吉班让）",
              "network": "Mass Rapid Transit",
              "network:short": "MRT",
              "network:wikidata": "Q40176",
              "operator": "SBS Transit",
              "public_transport:version": "2",
              "ref": "DTL",
              "route": "subway",
              "to": "Bukit Panjang",
              "to:ref": "11",
              "type": "route",
              "wheelchair": "yes",
              "wikidata": "Q1663943",
              "wikipedia": "en:Downtown Line"
            }
          }
        ]
      },
      "geometry": {
        "type": "Point",
        "coordinates": [
          103.7672764,
          1.3623244
        ]
      },
      "id": "node/12840114855"
    },
    {
      "type": "Feature",
      "properties": {
        "@id": "node/7106086688",
        "@relations": [
          {
            "role": "stop",
            "rel": 2313458,
            "reltags": {
              "colour": "#0354a6",
              "direction": "east",
              "from": "Bukit Panjang",
              "from:ref": "11",
              "name": "MRT Downtown Line (Bukit Panjang → Expo)",
              "name:en": "MRT Downtown Line (Bukit Panjang → Expo)",
              "name:zh": "滨海市区线（武吉班让→博览）",
              "network": "Mass Rapid Transit",
              "network:short": "MRT",
              "network:wikidata": "Q40176",
              "operator": "SBS Transit",
              "public_transport:version": "2",
              "ref": "DTL",
              "route": "subway",
              "to": "Expo",
              "to:ref": "12",
              "type": "route",
              "wheelchair": "yes",
              "wikidata": "Q1663943",
              "wikipedia": "en:Downtown Line"
            }
          }
        ]
      },
      "geometry": {
        "type": "Point",
        "coordinates": [
          103.7647376,
          1.369362
        ]
      },
      "id": "node/7106086688"
    },
    {
      "type": "Feature",
      "properties": {
        "@id": "node/12840114856",
        "@relations": [
          {
            "role": "stop",
            "rel": 7981642,
            "reltags": {
              "colour": "#0354a6",
              "direction": "west",
              "from": "Expo",
              "from:ref": "12",
              "name": "MRT Downtown Line (Expo → Bukit Panjang)",
              "name:en": "MRT Downtown Line (Expo → Bukit Panjang)",
              "name:zh": "滨海市区线（武吉班让至武吉班让）",
              "network": "Mass Rapid Transit",
              "network:short": "MRT",
              "network:wikidata": "Q40176",
              "operator": "SBS Transit",
              "public_transport:version": "2",
              "ref": "DTL",
              "route": "subway",
              "to": "Bukit Panjang",
              "to:ref": "11",
              "type": "route",
              "wheelchair": "yes",
              "wikidata": "Q1663943",
              "wikipedia": "en:Downtown Line"
            }
          }
        ]
      },
      "geometry": {
        "type": "Point",
        "coordinates": [
          103.7646268,
          1.3692701
        ]
      },
      "id": "node/12840114856"
    },
    {
      "type": "Feature",
      "properties": {
        "@id": "node/5264975531",
        "@relations": [
          {
            "role": "stop_entry_only",
            "rel": 2313458,
            "reltags": {
              "colour": "#0354a6",
              "direction": "east",
              "from": "Bukit Panjang",
              "from:ref": "11",
              "name": "MRT Downtown Line (Bukit Panjang → Expo)",
              "name:en": "MRT Downtown Line (Bukit Panjang → Expo)",
              "name:zh": "滨海市区线（武吉班让→博览）",
              "network": "Mass Rapid Transit",
              "network:short": "MRT",
              "network:wikidata": "Q40176",
              "operator": "SBS Transit",
              "public_transport:version": "2",
              "ref": "DTL",
              "route": "subway",
              "to": "Expo",
              "to:ref": "12",
              "type": "route",
              "wheelchair": "yes",
              "wikidata": "Q1663943",
              "wikipedia": "en:Downtown Line"
            }
          }
        ]
      },
      "geometry": {
        "type": "Point",
        "coordinates": [
          103.7618992,
          1.378697
        ]
      },
      "id": "node/5264975531"
    },
    {
      "type": "Feature",
      "properties": {
        "@id": "node/12840114807",
        "@relations": [
          {
            "role": "stop_exit_only",
            "rel": 7981642,
            "reltags": {
              "colour": "#0354a6",
              "direction": "west",
              "from": "Expo",
              "from:ref": "12",
              "name": "MRT Downtown Line (Expo → Bukit Panjang)",
              "name:en": "MRT Downtown Line (Expo → Bukit Panjang)",
              "name:zh": "滨海市区线（武吉班让至武吉班让）",
              "network": "Mass Rapid Transit",
              "network:short": "MRT",
              "network:wikidata": "Q40176",
              "operator": "SBS Transit",
              "public_transport:version": "2",
              "ref": "DTL",
              "route": "subway",
              "to": "Bukit Panjang",
              "to:ref": "11",
              "type": "route",
              "wheelchair": "yes",
              "wikidata": "Q1663943",
              "wikipedia": "en:Downtown Line"
            }
          }
        ]
      },
      "geometry": {
        "type": "Point",
        "coordinates": [
          103.7617591,
          1.3786244
        ]
      },
      "id": "node/12840114807"
    },
    {
      "type": "Feature",
      "properties": {
        "@id": "node/6587730605",
        "@relations": [
          {
            "role": "stop",
            "rel": 2313458,
            "reltags": {
              "colour": "#0354a6",
              "direction": "east",
              "from": "Bukit Panjang",
              "from:ref": "11",
              "name": "MRT Downtown Line (Bukit Panjang → Expo)",
              "name:en": "MRT Downtown Line (Bukit Panjang → Expo)",
              "name:zh": "滨海市区线（武吉班让→博览）",
              "network": "Mass Rapid Transit",
              "network:short": "MRT",
              "network:wikidata": "Q40176",
              "operator": "SBS Transit",
              "public_transport:version": "2",
              "ref": "DTL",
              "route": "subway",
              "to": "Expo",
              "to:ref": "12",
              "type": "route",
              "wheelchair": "yes",
              "wikidata": "Q1663943",
              "wikipedia": "en:Downtown Line"
            }
          }
        ]
      },
      "geometry": {
        "type": "Point",
        "coordinates": [
          103.8451046,
          1.2842318
        ]
      },
      "id": "node/6587730605"
    },
    {
      "type": "Feature",
      "properties": {
        "@id": "node/12840114841",
        "@relations": [
          {
            "role": "stop",
            "rel": 7981642,
            "reltags": {
              "colour": "#0354a6",
              "direction": "west",
              "from": "Expo",
              "from:ref": "12",
              "name": "MRT Downtown Line (Expo → Bukit Panjang)",
              "name:en": "MRT Downtown Line (Expo → Bukit Panjang)",
              "name:zh": "滨海市区线（武吉班让至武吉班让）",
              "network": "Mass Rapid Transit",
              "network:short": "MRT",
              "network:wikidata": "Q40176",
              "operator": "SBS Transit",
              "public_transport:version": "2",
              "ref": "DTL",
              "route": "subway",
              "to": "Bukit Panjang",
              "to:ref": "11",
              "type": "route",
              "wheelchair": "yes",
              "wikidata": "Q1663943",
              "wikipedia": "en:Downtown Line"
            }
          }
        ]
      },
      "geometry": {
        "type": "Point",
        "coordinates": [
          103.8451547,
          1.2842932
        ]
      },
      "id": "node/12840114841"
    },
    {
      "type": "Feature",
      "properties": {
        "@id": "node/7106086686",
        "@relations": [
          {
            "role": "stop",
            "rel": 2313458,
            "reltags": {
              "colour": "#0354a6",
              "direction": "east",
              "from": "Bukit Panjang",
              "from:ref": "11",
              "name": "MRT Downtown Line (Bukit Panjang → Expo)",
              "name:en": "MRT Downtown Line (Bukit Panjang → Expo)",
              "name:zh": "滨海市区线（武吉班让→博览）",
              "network": "Mass Rapid Transit",
              "network:short": "MRT",
              "network:wikidata": "Q40176",
              "operator": "SBS Transit",
              "public_transport:version": "2",
              "ref": "DTL",
              "route": "subway",
              "to": "Expo",
              "to:ref": "12",
              "type": "route",
              "wheelchair": "yes",
              "wikidata": "Q1663943",
              "wikipedia": "en:Downtown Line"
            }
          }
        ]
      },
      "geometry": {
        "type": "Point",
        "coordinates": [
          103.8528318,
          1.2794381
        ]
      },
      "id": "node/7106086686"
    },
    {
      "type": "Feature",
      "properties": {
        "@id": "node/12840114843",
        "@relations": [
          {
            "role": "stop",
            "rel": 7981642,
            "reltags": {
              "colour": "#0354a6",
              "direction": "west",
              "from": "Expo",
              "from:ref": "12",
              "name": "MRT Downtown Line (Expo → Bukit Panjang)",
              "name:en": "MRT Downtown Line (Expo → Bukit Panjang)",
              "name:zh": "滨海市区线（武吉班让至武吉班让）",
              "network": "Mass Rapid Transit",
              "network:short": "MRT",
              "network:wikidata": "Q40176",
              "operator": "SBS Transit",
              "public_transport:version": "2",
              "ref": "DTL",
              "route": "subway",
              "to": "Bukit Panjang",
              "to:ref": "11",
              "type": "route",
              "wheelchair": "yes",
              "wikidata": "Q1663943",
              "wikipedia": "en:Downtown Line"
            }
          }
        ]
      },
      "geometry": {
        "type": "Point",
        "coordinates": [
          103.8528783,
          1.2795034
        ]
      },
      "id": "node/12840114843"
    },
    {
      "type": "Feature",
      "properties": {
        "@id": "node/7106086685",
        "@relations": [
          {
            "role": "stop",
            "rel": 2313458,
            "reltags": {
              "colour": "#0354a6",
              "direction": "east",
              "from": "Bukit Panjang",
              "from:ref": "11",
              "name": "MRT Downtown Line (Bukit Panjang → Expo)",
              "name:en": "MRT Downtown Line (Bukit Panjang → Expo)",
              "name:zh": "滨海市区线（武吉班让→博览）",
              "network": "Mass Rapid Transit",
              "network:short": "MRT",
              "network:wikidata": "Q40176",
              "operator": "SBS Transit",
              "public_transport:version": "2",
              "ref": "DTL",
              "route": "subway",
              "to": "Expo",
              "to:ref": "12",
              "type": "route",
              "wheelchair": "yes",
              "wikidata": "Q1663943",
              "wikipedia": "en:Downtown Line"
            }
          }
        ]
      },
      "geometry": {
        "type": "Point",
        "coordinates": [
          103.8483488,
          1.2823463
        ]
      },
      "id": "node/7106086685"
    },
    {
      "type": "Feature",
      "properties": {
        "@id": "node/12840114842",
        "@relations": [
          {
            "role": "stop",
            "rel": 7981642,
            "reltags": {
              "colour": "#0354a6",
              "direction": "west",
              "from": "Expo",
              "from:ref": "12",
              "name": "MRT Downtown Line (Expo → Bukit Panjang)",
              "name:en": "MRT Downtown Line (Expo → Bukit Panjang)",
              "name:zh": "滨海市区线（武吉班让至武吉班让）",
              "network": "Mass Rapid Transit",
              "network:short": "MRT",
              "network:wikidata": "Q40176",
              "operator": "SBS Transit",
              "public_transport:version": "2",
              "ref": "DTL",
              "route": "subway",
              "to": "Bukit Panjang",
              "to:ref": "11",
              "type": "route",
              "wheelchair": "yes",
              "wikidata": "Q1663943",
              "wikipedia": "en:Downtown Line"
            }
          }
        ]
      },
      "geometry": {
        "type": "Point",
        "coordinates": [
          103.8483777,
          1.2823961
        ]
      },
      "id": "node/12840114842"
    },
    {
      "type": "Feature",
      "properties": {
        "@id": "node/5388291980",
        "@relations": [
          {
            "role": "stop",
            "rel": 2313458,
            "reltags": {
              "colour": "#0354a6",
              "direction": "east",
              "from": "Bukit Panjang",
              "from:ref": "11",
              "name": "MRT Downtown Line (Bukit Panjang → Expo)",
              "name:en": "MRT Downtown Line (Bukit Panjang → Expo)",
              "name:zh": "滨海市区线（武吉班让→博览）",
              "network": "Mass Rapid Transit",
              "network:short": "MRT",
              "network:wikidata": "Q40176",
              "operator": "SBS Transit",
              "public_transport:version": "2",
              "ref": "DTL",
              "route": "subway",
              "to": "Expo",
              "to:ref": "12",
              "type": "route",
              "wheelchair": "yes",
              "wikidata": "Q1663943",
              "wikipedia": "en:Downtown Line"
            }
          }
        ]
      },
      "geometry": {
        "type": "Point",
        "coordinates": [
          103.8590803,
          1.2820137
        ]
      },
      "id": "node/5388291980"
    },
    {
      "type": "Feature",
      "properties": {
        "@id": "node/12840114844",
        "@relations": [
          {
            "role": "stop",
            "rel": 7981642,
            "reltags": {
              "colour": "#0354a6",
              "direction": "west",
              "from": "Expo",
              "from:ref": "12",
              "name": "MRT Downtown Line (Expo → Bukit Panjang)",
              "name:en": "MRT Downtown Line (Expo → Bukit Panjang)",
              "name:zh": "滨海市区线（武吉班让至武吉班让）",
              "network": "Mass Rapid Transit",
              "network:short": "MRT",
              "network:wikidata": "Q40176",
              "operator": "SBS Transit",
              "public_transport:version": "2",
              "ref": "DTL",
              "route": "subway",
              "to": "Bukit Panjang",
              "to:ref": "11",
              "type": "route",
              "wheelchair": "yes",
              "wikidata": "Q1663943",
              "wikipedia": "en:Downtown Line"
            }
          }
        ]
      },
      "geometry": {
        "type": "Point",
        "coordinates": [
          103.8590703,
          1.2820182
        ]
      },
      "id": "node/12840114844"
    },
    {
      "type": "Feature",
      "properties": {
        "@id": "node/7105997484",
        "@relations": [
          {
            "role": "stop",
            "rel": 2313458,
            "reltags": {
              "colour": "#0354a6",
              "direction": "east",
              "from": "Bukit Panjang",
              "from:ref": "11",
              "name": "MRT Downtown Line (Bukit Panjang → Expo)",
              "name:en": "MRT Downtown Line (Bukit Panjang → Expo)",
              "name:zh": "滨海市区线（武吉班让→博览）",
              "network": "Mass Rapid Transit",
              "network:short": "MRT",
              "network:wikidata": "Q40176",
              "operator": "SBS Transit",
              "public_transport:version": "2",
              "ref": "DTL",
              "route": "subway",
              "to": "Expo",
              "to:ref": "12",
              "type": "route",
              "wheelchair": "yes",
              "wikidata": "Q1663943",
              "wikipedia": "en:Downtown Line"
            }
          }
        ]
      },
      "geometry": {
        "type": "Point",
        "coordinates": [
          103.8443026,
          1.2925536
        ]
      },
      "id": "node/7105997484"
    },
    {
      "type": "Feature",
      "properties": {
        "@id": "node/12840114840",
        "@relations": [
          {
            "role": "stop",
            "rel": 7981642,
            "reltags": {
              "colour": "#0354a6",
              "direction": "west",
              "from": "Expo",
              "from:ref": "12",
              "name": "MRT Downtown Line (Expo → Bukit Panjang)",
              "name:en": "MRT Downtown Line (Expo → Bukit Panjang)",
              "name:zh": "滨海市区线（武吉班让至武吉班让）",
              "network": "Mass Rapid Transit",
              "network:short": "MRT",
              "network:wikidata": "Q40176",
              "operator": "SBS Transit",
              "public_transport:version": "2",
              "ref": "DTL",
              "route": "subway",
              "to": "Bukit Panjang",
              "to:ref": "11",
              "type": "route",
              "wheelchair": "yes",
              "wikidata": "Q1663943",
              "wikipedia": "en:Downtown Line"
            }
          }
        ]
      },
      "geometry": {
        "type": "Point",
        "coordinates": [
          103.8444029,
          1.2924906
        ]
      },
      "id": "node/12840114840"
    },
    {
      "type": "Feature",
      "properties": {
        "@id": "node/6589313471",
        "@relations": [
          {
            "role": "stop",
            "rel": 2313458,
            "reltags": {
              "colour": "#0354a6",
              "direction": "east",
              "from": "Bukit Panjang",
              "from:ref": "11",
              "name": "MRT Downtown Line (Bukit Panjang → Expo)",
              "name:en": "MRT Downtown Line (Bukit Panjang → Expo)",
              "name:zh": "滨海市区线（武吉班让→博览）",
              "network": "Mass Rapid Transit",
              "network:short": "MRT",
              "network:wikidata": "Q40176",
              "operator": "SBS Transit",
              "public_transport:version": "2",
              "ref": "DTL",
              "route": "subway",
              "to": "Expo",
              "to:ref": "12",
              "type": "route",
              "wheelchair": "yes",
              "wikidata": "Q1663943",
              "wikipedia": "en:Downtown Line"
            }
          }
        ]
      },
      "geometry": {
        "type": "Point",
        "coordinates": [
          103.8609287,
          1.2928805
        ]
      },
      "id": "node/6589313471"
    },
    {
      "type": "Feature",
      "properties": {
        "@id": "node/12840114845",
        "@relations": [
          {
            "role": "stop",
            "rel": 7981642,
            "reltags": {
              "colour": "#0354a6",
              "direction": "west",
              "from": "Expo",
              "from:ref": "12",
              "name": "MRT Downtown Line (Expo → Bukit Panjang)",
              "name:en": "MRT Downtown Line (Expo → Bukit Panjang)",
              "name:zh": "滨海市区线（武吉班让至武吉班让）",
              "network": "Mass Rapid Transit",
              "network:short": "MRT",
              "network:wikidata": "Q40176",
              "operator": "SBS Transit",
              "public_transport:version": "2",
              "ref": "DTL",
              "route": "subway",
              "to": "Bukit Panjang",
              "to:ref": "11",
              "type": "route",
              "wheelchair": "yes",
              "wikidata": "Q1663943",
              "wikipedia": "en:Downtown Line"
            }
          }
        ]
      },
      "geometry": {
        "type": "Point",
        "coordinates": [
          103.8609162,
          1.2928819
        ]
      },
      "id": "node/12840114845"
    },
    {
      "type": "Feature",
      "properties": {
        "@id": "node/12840114839",
        "@relations": [
          {
            "role": "stop",
            "rel": 7981642,
            "reltags": {
              "colour": "#0354a6",
              "direction": "west",
              "from": "Expo",
              "from:ref": "12",
              "name": "MRT Downtown Line (Expo → Bukit Panjang)",
              "name:en": "MRT Downtown Line (Expo → Bukit Panjang)",
              "name:zh": "滨海市区线（武吉班让至武吉班让）",
              "network": "Mass Rapid Transit",
              "network:short": "MRT",
              "network:wikidata": "Q40176",
              "operator": "SBS Transit",
              "public_transport:version": "2",
              "ref": "DTL",
              "route": "subway",
              "to": "Bukit Panjang",
              "to:ref": "11",
              "type": "route",
              "wheelchair": "yes",
              "wikidata": "Q1663943",
              "wikipedia": "en:Downtown Line"
            }
          }
        ]
      },
      "geometry": {
        "type": "Point",
        "coordinates": [
          103.8504308,
          1.2989214
        ]
      },
      "id": "node/12840114839"
    },
    {
      "type": "Feature",
      "properties": {
        "@id": "node/12840114739",
        "@relations": [
          {
            "role": "stop",
            "rel": 7981642,
            "reltags": {
              "colour": "#0354a6",
              "direction": "west",
              "from": "Expo",
              "from:ref": "12",
              "name": "MRT Downtown Line (Expo → Bukit Panjang)",
              "name:en": "MRT Downtown Line (Expo → Bukit Panjang)",
              "name:zh": "滨海市区线（武吉班让至武吉班让）",
              "network": "Mass Rapid Transit",
              "network:short": "MRT",
              "network:wikidata": "Q40176",
              "operator": "SBS Transit",
              "public_transport:version": "2",
              "ref": "DTL",
              "route": "subway",
              "to": "Bukit Panjang",
              "to:ref": "11",
              "type": "route",
              "wheelchair": "yes",
              "wikidata": "Q1663943",
              "wikipedia": "en:Downtown Line"
            }
          }
        ]
      },
      "geometry": {
        "type": "Point",
        "coordinates": [
          103.8567466,
          1.2996491
        ]
      },
      "id": "node/12840114739"
    },
    {
      "type": "Feature",
      "properties": {
        "@id": "node/6589730989",
        "@relations": [
          {
            "role": "stop",
            "rel": 2313458,
            "reltags": {
              "colour": "#0354a6",
              "direction": "east",
              "from": "Bukit Panjang",
              "from:ref": "11",
              "name": "MRT Downtown Line (Bukit Panjang → Expo)",
              "name:en": "MRT Downtown Line (Bukit Panjang → Expo)",
              "name:zh": "滨海市区线（武吉班让→博览）",
              "network": "Mass Rapid Transit",
              "network:short": "MRT",
              "network:wikidata": "Q40176",
              "operator": "SBS Transit",
              "public_transport:version": "2",
              "ref": "DTL",
              "route": "subway",
              "to": "Expo",
              "to:ref": "12",
              "type": "route",
              "wheelchair": "yes",
              "wikidata": "Q1663943",
              "wikipedia": "en:Downtown Line"
            }
          }
        ]
      },
      "geometry": {
        "type": "Point",
        "coordinates": [
          103.8162039,
          1.3225907
        ]
      },
      "id": "node/6589730989"
    },
    {
      "type": "Feature",
      "properties": {
        "@id": "node/12840114762",
        "@relations": [
          {
            "role": "stop",
            "rel": 7981642,
            "reltags": {
              "colour": "#0354a6",
              "direction": "west",
              "from": "Expo",
              "from:ref": "12",
              "name": "MRT Downtown Line (Expo → Bukit Panjang)",
              "name:en": "MRT Downtown Line (Expo → Bukit Panjang)",
              "name:zh": "滨海市区线（武吉班让至武吉班让）",
              "network": "Mass Rapid Transit",
              "network:short": "MRT",
              "network:wikidata": "Q40176",
              "operator": "SBS Transit",
              "public_transport:version": "2",
              "ref": "DTL",
              "route": "subway",
              "to": "Bukit Panjang",
              "to:ref": "11",
              "type": "route",
              "wheelchair": "yes",
              "wikidata": "Q1663943",
              "wikipedia": "en:Downtown Line"
            }
          }
        ]
      },
      "geometry": {
        "type": "Point",
        "coordinates": [
          103.8161724,
          1.3224273
        ]
      },
      "id": "node/12840114762"
    },
    {
      "type": "Feature",
      "properties": {
        "@id": "node/12840114850",
        "@relations": [
          {
            "role": "stop",
            "rel": 7981642,
            "reltags": {
              "colour": "#0354a6",
              "direction": "west",
              "from": "Expo",
              "from:ref": "12",
              "name": "MRT Downtown Line (Expo → Bukit Panjang)",
              "name:en": "MRT Downtown Line (Expo → Bukit Panjang)",
              "name:zh": "滨海市区线（武吉班让至武吉班让）",
              "network": "Mass Rapid Transit",
              "network:short": "MRT",
              "network:wikidata": "Q40176",
              "operator": "SBS Transit",
              "public_transport:version": "2",
              "ref": "DTL",
              "route": "subway",
              "to": "Bukit Panjang",
              "to:ref": "11",
              "type": "route",
              "wheelchair": "yes",
              "wikidata": "Q1663943",
              "wikipedia": "en:Downtown Line"
            }
          }
        ]
      },
      "geometry": {
        "type": "Point",
        "coordinates": [
          103.8258623,
          1.3201051
        ]
      },
      "id": "node/12840114850"
    },
    {
      "type": "Feature",
      "properties": {
        "@id": "node/12840114849",
        "@relations": [
          {
            "role": "stop",
            "rel": 7981642,
            "reltags": {
              "colour": "#0354a6",
              "direction": "west",
              "from": "Expo",
              "from:ref": "12",
              "name": "MRT Downtown Line (Expo → Bukit Panjang)",
              "name:en": "MRT Downtown Line (Expo → Bukit Panjang)",
              "name:zh": "滨海市区线（武吉班让至武吉班让）",
              "network": "Mass Rapid Transit",
              "network:short": "MRT",
              "network:wikidata": "Q40176",
              "operator": "SBS Transit",
              "public_transport:version": "2",
              "ref": "DTL",
              "route": "subway",
              "to": "Bukit Panjang",
              "to:ref": "11",
              "type": "route",
              "wheelchair": "yes",
              "wikidata": "Q1663943",
              "wikipedia": "en:Downtown Line"
            }
          }
        ]
      },
      "geometry": {
        "type": "Point",
        "coordinates": [
          103.8379629,
          1.3136097
        ]
      },
      "id": "node/12840114849"
    },
    {
      "type": "Feature",
      "properties": {
        "@id": "node/6589246804",
        "@relations": [
          {
            "role": "stop",
            "rel": 2313458,
            "reltags": {
              "colour": "#0354a6",
              "direction": "east",
              "from": "Bukit Panjang",
              "from:ref": "11",
              "name": "MRT Downtown Line (Bukit Panjang → Expo)",
              "name:en": "MRT Downtown Line (Bukit Panjang → Expo)",
              "name:zh": "滨海市区线（武吉班让→博览）",
              "network": "Mass Rapid Transit",
              "network:short": "MRT",
              "network:wikidata": "Q40176",
              "operator": "SBS Transit",
              "public_transport:version": "2",
              "ref": "DTL",
              "route": "subway",
              "to": "Expo",
              "to:ref": "12",
              "type": "route",
              "wheelchair": "yes",
              "wikidata": "Q1663943",
              "wikipedia": "en:Downtown Line"
            }
          }
        ]
      },
      "geometry": {
        "type": "Point",
        "coordinates": [
          103.8492198,
          1.3065924
        ]
      },
      "id": "node/6589246804"
    },
    {
      "type": "Feature",
      "properties": {
        "@id": "node/6917722574",
        "@relations": [
          {
            "role": "stop",
            "rel": 2313458,
            "reltags": {
              "colour": "#0354a6",
              "direction": "east",
              "from": "Bukit Panjang",
              "from:ref": "11",
              "name": "MRT Downtown Line (Bukit Panjang → Expo)",
              "name:en": "MRT Downtown Line (Bukit Panjang → Expo)",
              "name:zh": "滨海市区线（武吉班让→博览）",
              "network": "Mass Rapid Transit",
              "network:short": "MRT",
              "network:wikidata": "Q40176",
              "operator": "SBS Transit",
              "public_transport:version": "2",
              "ref": "DTL",
              "route": "subway",
              "to": "Expo",
              "to:ref": "12",
              "type": "route",
              "wheelchair": "yes",
              "wikidata": "Q1663943",
              "wikipedia": "en:Downtown Line"
            }
          }
        ]
      },
      "geometry": {
        "type": "Point",
        "coordinates": [
          103.8526118,
          1.3039839
        ]
      },
      "id": "node/6917722574"
    },
    {
      "type": "Feature",
      "properties": {
        "@id": "node/12840114847",
        "@relations": [
          {
            "role": "stop",
            "rel": 7981642,
            "reltags": {
              "colour": "#0354a6",
              "direction": "west",
              "from": "Expo",
              "from:ref": "12",
              "name": "MRT Downtown Line (Expo → Bukit Panjang)",
              "name:en": "MRT Downtown Line (Expo → Bukit Panjang)",
              "name:zh": "滨海市区线（武吉班让至武吉班让）",
              "network": "Mass Rapid Transit",
              "network:short": "MRT",
              "network:wikidata": "Q40176",
              "operator": "SBS Transit",
              "public_transport:version": "2",
              "ref": "DTL",
              "route": "subway",
              "to": "Bukit Panjang",
              "to:ref": "11",
              "type": "route",
              "wheelchair": "yes",
              "wikidata": "Q1663943",
              "wikipedia": "en:Downtown Line"
            }
          }
        ]
      },
      "geometry": {
        "type": "Point",
        "coordinates": [
          103.8525465,
          1.3038751
        ]
      },
      "id": "node/12840114847"
    },
    {
      "type": "Feature",
      "properties": {
        "@id": "node/12840114848",
        "@relations": [
          {
            "role": "stop",
            "rel": 7981642,
            "reltags": {
              "colour": "#0354a6",
              "direction": "west",
              "from": "Expo",
              "from:ref": "12",
              "name": "MRT Downtown Line (Expo → Bukit Panjang)",
              "name:en": "MRT Downtown Line (Expo → Bukit Panjang)",
              "name:zh": "滨海市区线（武吉班让至武吉班让）",
              "network": "Mass Rapid Transit",
              "network:short": "MRT",
              "network:wikidata": "Q40176",
              "operator": "SBS Transit",
              "public_transport:version": "2",
              "ref": "DTL",
              "route": "subway",
              "to": "Bukit Panjang",
              "to:ref": "11",
              "type": "route",
              "wheelchair": "yes",
              "wikidata": "Q1663943",
              "wikipedia": "en:Downtown Line"
            }
          }
        ]
      },
      "geometry": {
        "type": "Point",
        "coordinates": [
          103.8491021,
          1.3064546
        ]
      },
      "id": "node/12840114848"
    },
    {
      "type": "Feature",
      "properties": {
        "@id": "node/12840114838",
        "@relations": [
          {
            "role": "stop",
            "rel": 7981642,
            "reltags": {
              "colour": "#0354a6",
              "direction": "west",
              "from": "Expo",
              "from:ref": "12",
              "name": "MRT Downtown Line (Expo → Bukit Panjang)",
              "name:en": "MRT Downtown Line (Expo → Bukit Panjang)",
              "name:zh": "滨海市区线（武吉班让至武吉班让）",
              "network": "Mass Rapid Transit",
              "network:short": "MRT",
              "network:wikidata": "Q40176",
              "operator": "SBS Transit",
              "public_transport:version": "2",
              "ref": "DTL",
              "route": "subway",
              "to": "Bukit Panjang",
              "to:ref": "11",
              "type": "route",
              "wheelchair": "yes",
              "wikidata": "Q1663943",
              "wikipedia": "en:Downtown Line"
            }
          }
        ]
      },
      "geometry": {
        "type": "Point",
        "coordinates": [
          103.8554587,
          1.305409
        ]
      },
      "id": "node/12840114838"
    },
    {
      "type": "Feature",
      "properties": {
        "@id": "node/12840114837",
        "@relations": [
          {
            "role": "stop",
            "rel": 7981642,
            "reltags": {
              "colour": "#0354a6",
              "direction": "west",
              "from": "Expo",
              "from:ref": "12",
              "name": "MRT Downtown Line (Expo → Bukit Panjang)",
              "name:en": "MRT Downtown Line (Expo → Bukit Panjang)",
              "name:zh": "滨海市区线（武吉班让至武吉班让）",
              "network": "Mass Rapid Transit",
              "network:short": "MRT",
              "network:wikidata": "Q40176",
              "operator": "SBS Transit",
              "public_transport:version": "2",
              "ref": "DTL",
              "route": "subway",
              "to": "Bukit Panjang",
              "to:ref": "11",
              "type": "route",
              "wheelchair": "yes",
              "wikidata": "Q1663943",
              "wikipedia": "en:Downtown Line"
            }
          }
        ]
      },
      "geometry": {
        "type": "Point",
        "coordinates": [
          103.8626634,
          1.3135591
        ]
      },
      "id": "node/12840114837"
    },
    {
      "type": "Feature",
      "properties": {
        "@id": "node/12840114836",
        "@relations": [
          {
            "role": "stop",
            "rel": 7981642,
            "reltags": {
              "colour": "#0354a6",
              "direction": "west",
              "from": "Expo",
              "from:ref": "12",
              "name": "MRT Downtown Line (Expo → Bukit Panjang)",
              "name:en": "MRT Downtown Line (Expo → Bukit Panjang)",
              "name:zh": "滨海市区线（武吉班让至武吉班让）",
              "network": "Mass Rapid Transit",
              "network:short": "MRT",
              "network:wikidata": "Q40176",
              "operator": "SBS Transit",
              "public_transport:version": "2",
              "ref": "DTL",
              "route": "subway",
              "to": "Bukit Panjang",
              "to:ref": "11",
              "type": "route",
              "wheelchair": "yes",
              "wikidata": "Q1663943",
              "wikipedia": "en:Downtown Line"
            }
          }
        ]
      },
      "geometry": {
        "type": "Point",
        "coordinates": [
          103.8720696,
          1.3215243
        ]
      },
      "id": "node/12840114836"
    },
    {
      "type": "Feature",
      "properties": {
        "@id": "node/7105997482",
        "@relations": [
          {
            "role": "stop",
            "rel": 2313458,
            "reltags": {
              "colour": "#0354a6",
              "direction": "east",
              "from": "Bukit Panjang",
              "from:ref": "11",
              "name": "MRT Downtown Line (Bukit Panjang → Expo)",
              "name:en": "MRT Downtown Line (Bukit Panjang → Expo)",
              "name:zh": "滨海市区线（武吉班让→博览）",
              "network": "Mass Rapid Transit",
              "network:short": "MRT",
              "network:wikidata": "Q40176",
              "operator": "SBS Transit",
              "public_transport:version": "2",
              "ref": "DTL",
              "route": "subway",
              "to": "Expo",
              "to:ref": "12",
              "type": "route",
              "wheelchair": "yes",
              "wikidata": "Q1663943",
              "wikipedia": "en:Downtown Line"
            }
          }
        ]
      },
      "geometry": {
        "type": "Point",
        "coordinates": [
          103.8833481,
          1.3269039
        ]
      },
      "id": "node/7105997482"
    },
    {
      "type": "Feature",
      "properties": {
        "@id": "node/12840114835",
        "@relations": [
          {
            "role": "stop",
            "rel": 7981642,
            "reltags": {
              "colour": "#0354a6",
              "direction": "west",
              "from": "Expo",
              "from:ref": "12",
              "name": "MRT Downtown Line (Expo → Bukit Panjang)",
              "name:en": "MRT Downtown Line (Expo → Bukit Panjang)",
              "name:zh": "滨海市区线（武吉班让至武吉班让）",
              "network": "Mass Rapid Transit",
              "network:short": "MRT",
              "network:wikidata": "Q40176",
              "operator": "SBS Transit",
              "public_transport:version": "2",
              "ref": "DTL",
              "route": "subway",
              "to": "Bukit Panjang",
              "to:ref": "11",
              "type": "route",
              "wheelchair": "yes",
              "wikidata": "Q1663943",
              "wikipedia": "en:Downtown Line"
            }
          }
        ]
      },
      "geometry": {
        "type": "Point",
        "coordinates": [
          103.8832772,
          1.3267712
        ]
      },
      "id": "node/12840114835"
    },
    {
      "type": "Feature",
      "properties": {
        "@id": "node/5014444763",
        "@relations": [
          {
            "role": "stop",
            "rel": 2313458,
            "reltags": {
              "colour": "#0354a6",
              "direction": "east",
              "from": "Bukit Panjang",
              "from:ref": "11",
              "name": "MRT Downtown Line (Bukit Panjang → Expo)",
              "name:en": "MRT Downtown Line (Bukit Panjang → Expo)",
              "name:zh": "滨海市区线（武吉班让→博览）",
              "network": "Mass Rapid Transit",
              "network:short": "MRT",
              "network:wikidata": "Q40176",
              "operator": "SBS Transit",
              "public_transport:version": "2",
              "ref": "DTL",
              "route": "subway",
              "to": "Expo",
              "to:ref": "12",
              "type": "route",
              "wheelchair": "yes",
              "wikidata": "Q1663943",
              "wikipedia": "en:Downtown Line"
            }
          }
        ]
      },
      "geometry": {
        "type": "Point",
        "coordinates": [
          103.8896697,
          1.3263813
        ]
      },
      "id": "node/5014444763"
    },
    {
      "type": "Feature",
      "properties": {
        "@id": "node/12840114834",
        "@relations": [
          {
            "role": "stop",
            "rel": 7981642,
            "reltags": {
              "colour": "#0354a6",
              "direction": "west",
              "from": "Expo",
              "from:ref": "12",
              "name": "MRT Downtown Line (Expo → Bukit Panjang)",
              "name:en": "MRT Downtown Line (Expo → Bukit Panjang)",
              "name:zh": "滨海市区线（武吉班让至武吉班让）",
              "network": "Mass Rapid Transit",
              "network:short": "MRT",
              "network:wikidata": "Q40176",
              "operator": "SBS Transit",
              "public_transport:version": "2",
              "ref": "DTL",
              "route": "subway",
              "to": "Bukit Panjang",
              "to:ref": "11",
              "type": "route",
              "wheelchair": "yes",
              "wikidata": "Q1663943",
              "wikipedia": "en:Downtown Line"
            }
          }
        ]
      },
      "geometry": {
        "type": "Point",
        "coordinates": [
          103.8897164,
          1.3262658
        ]
      },
      "id": "node/12840114834"
    },
    {
      "type": "Feature",
      "properties": {
        "@id": "node/12840114833",
        "@relations": [
          {
            "role": "stop",
            "rel": 7981642,
            "reltags": {
              "colour": "#0354a6",
              "direction": "west",
              "from": "Expo",
              "from:ref": "12",
              "name": "MRT Downtown Line (Expo → Bukit Panjang)",
              "name:en": "MRT Downtown Line (Expo → Bukit Panjang)",
              "name:zh": "滨海市区线（武吉班让至武吉班让）",
              "network": "Mass Rapid Transit",
              "network:short": "MRT",
              "network:wikidata": "Q40176",
              "operator": "SBS Transit",
              "public_transport:version": "2",
              "ref": "DTL",
              "route": "subway",
              "to": "Bukit Panjang",
              "to:ref": "11",
              "type": "route",
              "wheelchair": "yes",
              "wikidata": "Q1663943",
              "wikipedia": "en:Downtown Line"
            }
          }
        ]
      },
      "geometry": {
        "type": "Point",
        "coordinates": [
          103.8993851,
          1.329942
        ]
      },
      "id": "node/12840114833"
    },
    {
      "type": "Feature",
      "properties": {
        "@id": "node/12840114832",
        "@relations": [
          {
            "role": "stop",
            "rel": 7981642,
            "reltags": {
              "colour": "#0354a6",
              "direction": "west",
              "from": "Expo",
              "from:ref": "12",
              "name": "MRT Downtown Line (Expo → Bukit Panjang)",
              "name:en": "MRT Downtown Line (Expo → Bukit Panjang)",
              "name:zh": "滨海市区线（武吉班让至武吉班让）",
              "network": "Mass Rapid Transit",
              "network:short": "MRT",
              "network:wikidata": "Q40176",
              "operator": "SBS Transit",
              "public_transport:version": "2",
              "ref": "DTL",
              "route": "subway",
              "to": "Bukit Panjang",
              "to:ref": "11",
              "type": "route",
              "wheelchair": "yes",
              "wikidata": "Q1663943",
              "wikipedia": "en:Downtown Line"
            }
          }
        ]
      },
      "geometry": {
        "type": "Point",
        "coordinates": [
          103.9086794,
          1.3349135
        ]
      },
      "id": "node/12840114832"
    },
    {
      "type": "Feature",
      "properties": {
        "@id": "node/12840114831",
        "@relations": [
          {
            "role": "stop",
            "rel": 7981642,
            "reltags": {
              "colour": "#0354a6",
              "direction": "west",
              "from": "Expo",
              "from:ref": "12",
              "name": "MRT Downtown Line (Expo → Bukit Panjang)",
              "name:en": "MRT Downtown Line (Expo → Bukit Panjang)",
              "name:zh": "滨海市区线（武吉班让至武吉班让）",
              "network": "Mass Rapid Transit",
              "network:short": "MRT",
              "network:wikidata": "Q40176",
              "operator": "SBS Transit",
              "public_transport:version": "2",
              "ref": "DTL",
              "route": "subway",
              "to": "Bukit Panjang",
              "to:ref": "11",
              "type": "route",
              "wheelchair": "yes",
              "wikidata": "Q1663943",
              "wikipedia": "en:Downtown Line"
            }
          }
        ]
      },
      "geometry": {
        "type": "Point",
        "coordinates": [
          103.9179455,
          1.3345829
        ]
      },
      "id": "node/12840114831"
    },
    {
      "type": "Feature",
      "properties": {
        "@id": "node/12840114830",
        "@relations": [
          {
            "role": "stop",
            "rel": 7981642,
            "reltags": {
              "colour": "#0354a6",
              "direction": "west",
              "from": "Expo",
              "from:ref": "12",
              "name": "MRT Downtown Line (Expo → Bukit Panjang)",
              "name:en": "MRT Downtown Line (Expo → Bukit Panjang)",
              "name:zh": "滨海市区线（武吉班让至武吉班让）",
              "network": "Mass Rapid Transit",
              "network:short": "MRT",
              "network:wikidata": "Q40176",
              "operator": "SBS Transit",
              "public_transport:version": "2",
              "ref": "DTL",
              "route": "subway",
              "to": "Bukit Panjang",
              "to:ref": "11",
              "type": "route",
              "wheelchair": "yes",
              "wikidata": "Q1663943",
              "wikipedia": "en:Downtown Line"
            }
          }
        ]
      },
      "geometry": {
        "type": "Point",
        "coordinates": [
          103.932139,
          1.3366489
        ]
      },
      "id": "node/12840114830"
    },
    {
      "type": "Feature",
      "properties": {
        "@id": "node/7105997480",
        "@relations": [
          {
            "role": "stop",
            "rel": 2313458,
            "reltags": {
              "colour": "#0354a6",
              "direction": "east",
              "from": "Bukit Panjang",
              "from:ref": "11",
              "name": "MRT Downtown Line (Bukit Panjang → Expo)",
              "name:en": "MRT Downtown Line (Bukit Panjang → Expo)",
              "name:zh": "滨海市区线（武吉班让→博览）",
              "network": "Mass Rapid Transit",
              "network:short": "MRT",
              "network:wikidata": "Q40176",
              "operator": "SBS Transit",
              "public_transport:version": "2",
              "ref": "DTL",
              "route": "subway",
              "to": "Expo",
              "to:ref": "12",
              "type": "route",
              "wheelchair": "yes",
              "wikidata": "Q1663943",
              "wikipedia": "en:Downtown Line"
            }
          }
        ]
      },
      "geometry": {
        "type": "Point",
        "coordinates": [
          103.9382938,
          1.3454164
        ]
      },
      "id": "node/7105997480"
    },
    {
      "type": "Feature",
      "properties": {
        "@id": "node/12840114829",
        "@relations": [
          {
            "role": "stop",
            "rel": 7981642,
            "reltags": {
              "colour": "#0354a6",
              "direction": "west",
              "from": "Expo",
              "from:ref": "12",
              "name": "MRT Downtown Line (Expo → Bukit Panjang)",
              "name:en": "MRT Downtown Line (Expo → Bukit Panjang)",
              "name:zh": "滨海市区线（武吉班让至武吉班让）",
              "network": "Mass Rapid Transit",
              "network:short": "MRT",
              "network:wikidata": "Q40176",
              "operator": "SBS Transit",
              "public_transport:version": "2",
              "ref": "DTL",
              "route": "subway",
              "to": "Bukit Panjang",
              "to:ref": "11",
              "type": "route",
              "wheelchair": "yes",
              "wikidata": "Q1663943",
              "wikipedia": "en:Downtown Line"
            }
          }
        ]
      },
      "geometry": {
        "type": "Point",
        "coordinates": [
          103.9384337,
          1.3454108
        ]
      },
      "id": "node/12840114829"
    },
    {
      "type": "Feature",
      "properties": {
        "@id": "node/12840114825",
        "@relations": [
          {
            "role": "stop_entry_only",
            "rel": 7981642,
            "reltags": {
              "colour": "#0354a6",
              "direction": "west",
              "from": "Expo",
              "from:ref": "12",
              "name": "MRT Downtown Line (Expo → Bukit Panjang)",
              "name:en": "MRT Downtown Line (Expo → Bukit Panjang)",
              "name:zh": "滨海市区线（武吉班让至武吉班让）",
              "network": "Mass Rapid Transit",
              "network:short": "MRT",
              "network:wikidata": "Q40176",
              "operator": "SBS Transit",
              "public_transport:version": "2",
              "ref": "DTL",
              "route": "subway",
              "to": "Bukit Panjang",
              "to:ref": "11",
              "type": "route",
              "wheelchair": "yes",
              "wikidata": "Q1663943",
              "wikipedia": "en:Downtown Line"
            }
          }
        ]
      },
      "geometry": {
        "type": "Point",
        "coordinates": [
          103.9621187,
          1.3354641
        ]
      },
      "id": "node/12840114825"
    },
    {
      "type": "Feature",
      "properties": {
        "@id": "node/7105997481",
        "@relations": [
          {
            "role": "stop",
            "rel": 2313458,
            "reltags": {
              "colour": "#0354a6",
              "direction": "east",
              "from": "Bukit Panjang",
              "from:ref": "11",
              "name": "MRT Downtown Line (Bukit Panjang → Expo)",
              "name:en": "MRT Downtown Line (Bukit Panjang → Expo)",
              "name:zh": "滨海市区线（武吉班让→博览）",
              "network": "Mass Rapid Transit",
              "network:short": "MRT",
              "network:wikidata": "Q40176",
              "operator": "SBS Transit",
              "public_transport:version": "2",
              "ref": "DTL",
              "route": "subway",
              "to": "Expo",
              "to:ref": "12",
              "type": "route",
              "wheelchair": "yes",
              "wikidata": "Q1663943",
              "wikipedia": "en:Downtown Line"
            }
          }
        ]
      },
      "geometry": {
        "type": "Point",
        "coordinates": [
          103.9615006,
          1.3416205
        ]
      },
      "id": "node/7105997481"
    },
    {
      "type": "Feature",
      "properties": {
        "@id": "node/12840114826",
        "@relations": [
          {
            "role": "stop",
            "rel": 7981642,
            "reltags": {
              "colour": "#0354a6",
              "direction": "west",
              "from": "Expo",
              "from:ref": "12",
              "name": "MRT Downtown Line (Expo → Bukit Panjang)",
              "name:en": "MRT Downtown Line (Expo → Bukit Panjang)",
              "name:zh": "滨海市区线（武吉班让至武吉班让）",
              "network": "Mass Rapid Transit",
              "network:short": "MRT",
              "network:wikidata": "Q40176",
              "operator": "SBS Transit",
              "public_transport:version": "2",
              "ref": "DTL",
              "route": "subway",
              "to": "Bukit Panjang",
              "to:ref": "11",
              "type": "route",
              "wheelchair": "yes",
              "wikidata": "Q1663943",
              "wikipedia": "en:Downtown Line"
            }
          }
        ]
      },
      "geometry": {
        "type": "Point",
        "coordinates": [
          103.9613853,
          1.3416617
        ]
      },
      "id": "node/12840114826"
    },
    {
      "type": "Feature",
      "properties": {
        "@id": "node/5180257611",
        "@relations": [
          {
            "role": "stop",
            "rel": 2313458,
            "reltags": {
              "colour": "#0354a6",
              "direction": "east",
              "from": "Bukit Panjang",
              "from:ref": "11",
              "name": "MRT Downtown Line (Bukit Panjang → Expo)",
              "name:en": "MRT Downtown Line (Bukit Panjang → Expo)",
              "name:zh": "滨海市区线（武吉班让→博览）",
              "network": "Mass Rapid Transit",
              "network:short": "MRT",
              "network:wikidata": "Q40176",
              "operator": "SBS Transit",
              "public_transport:version": "2",
              "ref": "DTL",
              "route": "subway",
              "to": "Expo",
              "to:ref": "12",
              "type": "route",
              "wheelchair": "yes",
              "wikidata": "Q1663943",
              "wikipedia": "en:Downtown Line"
            }
          }
        ]
      },
      "geometry": {
        "type": "Point",
        "coordinates": [
          103.942961,
          1.3553339
        ]
      },
      "id": "node/5180257611"
    },
    {
      "type": "Feature",
      "properties": {
        "@id": "node/12840114828",
        "@relations": [
          {
            "role": "stop",
            "rel": 7981642,
            "reltags": {
              "colour": "#0354a6",
              "direction": "west",
              "from": "Expo",
              "from:ref": "12",
              "name": "MRT Downtown Line (Expo → Bukit Panjang)",
              "name:en": "MRT Downtown Line (Expo → Bukit Panjang)",
              "name:zh": "滨海市区线（武吉班让至武吉班让）",
              "network": "Mass Rapid Transit",
              "network:short": "MRT",
              "network:wikidata": "Q40176",
              "operator": "SBS Transit",
              "public_transport:version": "2",
              "ref": "DTL",
              "route": "subway",
              "to": "Bukit Panjang",
              "to:ref": "11",
              "type": "route",
              "wheelchair": "yes",
              "wikidata": "Q1663943",
              "wikipedia": "en:Downtown Line"
            }
          }
        ]
      },
      "geometry": {
        "type": "Point",
        "coordinates": [
          103.9430731,
          1.355226
        ]
      },
      "id": "node/12840114828"
    },
    {
      "type": "Feature",
      "properties": {
        "@id": "node/12840114827",
        "@relations": [
          {
            "role": "stop",
            "rel": 7981642,
            "reltags": {
              "colour": "#0354a6",
              "direction": "west",
              "from": "Expo",
              "from:ref": "12",
              "name": "MRT Downtown Line (Expo → Bukit Panjang)",
              "name:en": "MRT Downtown Line (Expo → Bukit Panjang)",
              "name:zh": "滨海市区线（武吉班让至武吉班让）",
              "network": "Mass Rapid Transit",
              "network:short": "MRT",
              "network:wikidata": "Q40176",
              "operator": "SBS Transit",
              "public_transport:version": "2",
              "ref": "DTL",
              "route": "subway",
              "to": "Bukit Panjang",
              "to:ref": "11",
              "type": "route",
              "wheelchair": "yes",
              "wikidata": "Q1663943",
              "wikipedia": "en:Downtown Line"
            }
          }
        ]
      },
      "geometry": {
        "type": "Point",
        "coordinates": [
          103.9550048,
          1.3561421
        ]
      },
      "id": "node/12840114827"
    }
  ]
}