{
  "type": "FeatureCollection",
  "generator": "overpass-turbo",
  "copyright": "The data included in this document is from www.openstreetmap.org. The data is made available under ODbL.",
  "timestamp": "2026-09-18T17:25:48Z",
  "features": [
    {
      "type": "Feature",
      "properties": {
        "@id": "relation/445764",
        "colour": "#009645",
        "direction": "east",
        "from": "Tuas Link",
        "from:ref": "2",
        "name": "MRT East-West Line (Tuas Link → Pasir Ris)",
        "network": "Mass Rapid Transit",
        "network:short": "MRT",
        "network:wikidata": "Q40176",
        "operator": "SMRT Trains",
        "public_transport:version": "2",
        "ref": "EWL",
        "route": "subway",
        "to": "Pasir Ris",
        "to:ref": "1",
        "type": "route",
        "wikidata": "Q1895425",
        "wikipedia": "en:East–West Line (Singapore)"
      },
      "geometry": {
        "type": "LineString",
        "coordinates": [
          [
            103.637963,
            1.3434265
          ],
          [
            103.637863,
            1.3431453
          ],
          [
            103.6377794,
            1.3429092
          ],
          [
            103.6376867,
            1.3426534
          ],
          [
            103.6375867,
            1.3423643
          ],
          [
            103.6374914,
            1.3420929
          ],
          [
            103.6374148,
            1.3418856
          ],
          [
            103.6373434,
            1.3416867
          ],
          [
            103.6372282,
            1.341361
          ],
          [
            103.6371205,
            1.3410559
          ],
          [
            103.6368394,
            1.3402918
          ],
          [
            103.6365011,
            1.3393344
          ],
          [
            103.6364388,
            1.3391517
          ],
          [
            103.6357124,
            1.3371122
          ],
          [
            103.6355296,
            1.3366001
          ],
          [
            103.6354703,
            1.3364269
          ],
          [
            103.6354213,
            1.3362703
          ],
          [
            103.6353803,
            1.3361117
          ],
          [
            103.6353498,
            1.3359726
          ],
          [
            103.635324,
            1.3358058
          ],
          [
            103.635309,
            1.3356831
          ],
          [
            103.6352975,
            1.3355109
          ],
          [
            103.6352949,
            1.3353437
          ],
          [
            103.635301,
            1.3351485
          ],
          [
            103.6353145,
            1.3349855
          ],
          [
            103.6353388,
            1.3348171
          ],
          [
            103.6353739,
            1.3346385
          ],
          [
            103.6354219,
            1.3344729
          ],
          [
            103.6354795,
            1.3342922
          ],
          [
            103.6355373,
            1.3341444
          ],
          [
            103.635598,
            1.3340038
          ],
          [
            103.6356616,
            1.3338784
          ],
          [
            103.6357462,
            1.333736
          ],
          [
            103.6358271,
            1.3335999
          ],
          [
            103.6359352,
            1.3334521
          ],
          [
            103.6360007,
            1.3333688
          ],
          [
            103.6361264,
            1.3332217
          ],
          [
            103.6370312,
            1.3324107
          ],
          [
            103.6374242,
            1.3320514
          ],
          [
            103.6378359,
            1.3316693
          ],
          [
            103.6383817,
            1.3312248
          ],
          [
            103.6390369,
            1.3306637
          ],
          [
            103.6396184,
            1.3301092
          ],
          [
            103.6403277,
            1.3294329
          ],
          [
            103.6409647,
            1.328782
          ],
          [
            103.6411806,
            1.3285614
          ],
          [
            103.6424755,
            1.3273239
          ],
          [
            103.6462493,
            1.3237368
          ],
          [
            103.6471807,
            1.3228009
          ],
          [
            103.6475596,
            1.3224651
          ],
          [
            103.6480873,
            1.322036
          ],
          [
            103.6483166,
            1.3218336
          ],
          [
            103.6489658,
            1.3212156
          ],
          [
            103.6495796,
            1.3206497
          ],
          [
            103.6498075,
            1.3204327
          ],
          [
            103.6501524,
            1.320068
          ],
          [
            103.6505098,
            1.3196992
          ],
          [
            103.6518842,
            1.3183864
          ],
          [
            103.6534962,
            1.3168562
          ],
          [
            103.6537229,
            1.3166615
          ],
          [
            103.6538854,
            1.3165403
          ],
          [
            103.6541499,
            1.3163795
          ],
          [
            103.6543126,
            1.3162909
          ],
          [
            103.6544798,
            1.3162168
          ],
          [
            103.6547206,
            1.3161251
          ],
          [
            103.6549741,
            1.3160571
          ],
          [
            103.655148,
            1.3160186
          ],
          [
            103.6553816,
            1.3159878
          ],
          [
            103.6556403,
            1.3159741
          ],
          [
            103.6559009,
            1.3159828
          ],
          [
            103.6560947,
            1.316003
          ],
          [
            103.6563426,
            1.3160455
          ],
          [
            103.6566182,
            1.3161161
          ],
          [
            103.6568782,
            1.3162138
          ],
          [
            103.6570748,
            1.3163001
          ],
          [
            103.6572864,
            1.3164204
          ],
          [
            103.6575306,
            1.3165791
          ],
          [
            103.6577652,
            1.3167676
          ],
          [
            103.6578548,
            1.3168513
          ],
          [
            103.6583782,
            1.3173827
          ],
          [
            103.6587113,
            1.3177467
          ],
          [
            103.659084,
            1.3181075
          ],
          [
            103.6601055,
            1.3192119
          ],
          [
            103.6605592,
            1.3196767
          ],
          [
            103.6612473,
            1.3204022
          ],
          [
            103.6614969,
            1.3206603
          ],
          [
            103.6618352,
            1.3210125
          ],
          [
            103.6620325,
            1.3212282
          ],
          [
            103.6621848,
            1.3214177
          ],
          [
            103.6628137,
            1.3222164
          ],
          [
            103.6631058,
            1.3226015
          ],
          [
            103.6634275,
            1.3230758
          ],
          [
            103.6638568,
            1.3237242
          ],
          [
            103.6644179,
            1.3245218
          ],
          [
            103.6649734,
            1.3253869
          ],
          [
            103.6652942,
            1.3258492
          ],
          [
            103.6653937,
            1.3259803
          ],
          [
            103.6655909,
            1.3262016
          ],
          [
            103.6657616,
            1.3263697
          ],
          [
            103.665969,
            1.326541
          ],
          [
            103.6661619,
            1.3266727
          ],
          [
            103.6663242,
            1.3267679
          ],
          [
            103.6664878,
            1.3268544
          ],
          [
            103.6666819,
            1.326935
          ],
          [
            103.6668661,
            1.3270048
          ],
          [
            103.6670894,
            1.3270676
          ],
          [
            103.6673114,
            1.3271148
          ],
          [
            103.667541,
            1.3271457
          ],
          [
            103.6678301,
            1.3271714
          ],
          [
            103.668598,
            1.3272255
          ],
          [
            103.6695783,
            1.3273008
          ],
          [
            103.6714862,
            1.3274349
          ],
          [
            103.6724237,
            1.3275025
          ],
          [
            103.6728029,
            1.3275173
          ],
          [
            103.6732993,
            1.3275355
          ],
          [
            103.6752352,
            1.3276781
          ],
          [
            103.6758764,
            1.3277251
          ],
          [
            103.6762596,
            1.3277532
          ],
          [
            103.67658,
            1.3277764
          ],
          [
            103.6767883,
            1.3277904
          ],
          [
            103.6769679,
            1.3278036
          ],
          [
            103.6772555,
            1.3278106
          ],
          [
            103.6775018,
            1.3278132
          ],
          [
            103.6775977,
            1.3278129
          ],
          [
            103.6782483,
            1.3278108
          ],
          [
            103.6789561,
            1.3278092
          ],
          [
            103.6795374,
            1.3278099
          ],
          [
            103.6798767,
            1.3277914
          ],
          [
            103.6802798,
            1.3277727
          ],
          [
            103.6809093,
            1.3277684
          ],
          [
            103.6826921,
            1.3277731
          ],
          [
            103.6828818,
            1.3277736
          ],
          [
            103.6845755,
            1.3277652
          ],
          [
            103.6852196,
            1.3277687
          ],
          [
            103.6854399,
            1.3277864
          ],
          [
            103.6855213,
            1.3277962
          ],
          [
            103.685693,
            1.3278246
          ],
          [
            103.6859322,
            1.3278749
          ],
          [
            103.6862018,
            1.3279585
          ],
          [
            103.6863975,
            1.3280349
          ],
          [
            103.6866057,
            1.3281414
          ],
          [
            103.6869101,
            1.3283147
          ],
          [
            103.6872401,
            1.3285731
          ],
          [
            103.6874692,
            1.3288202
          ],
          [
            103.6877265,
            1.3291441
          ],
          [
            103.6879864,
            1.3296115
          ],
          [
            103.6881666,
            1.3300901
          ],
          [
            103.6883924,
            1.3308041
          ],
          [
            103.6885052,
            1.3310709
          ],
          [
            103.6886464,
            1.3313377
          ],
          [
            103.6887973,
            1.331586
          ],
          [
            103.6891482,
            1.3320496
          ],
          [
            103.6910274,
            1.3345343
          ],
          [
            103.6914812,
            1.3351007
          ],
          [
            103.6921987,
            1.3359571
          ],
          [
            103.6924057,
            1.3361954
          ],
          [
            103.6926206,
            1.3364213
          ],
          [
            103.6928087,
            1.3365861
          ],
          [
            103.6931438,
            1.3368338
          ],
          [
            103.6934255,
            1.336988
          ],
          [
            103.6939389,
            1.3372181
          ],
          [
            103.6944825,
            1.33736
          ],
          [
            103.6951124,
            1.3374642
          ],
          [
            103.6954451,
            1.3375374
          ],
          [
            103.6958041,
            1.3375998
          ],
          [
            103.6961683,
            1.337639
          ],
          [
            103.6974081,
            1.3376503
          ],
          [
            103.6983633,
            1.3376569
          ],
          [
            103.6996522,
            1.3376266
          ],
          [
            103.7017551,
            1.3376075
          ],
          [
            103.70271,
            1.3376291
          ],
          [
            103.7032966,
            1.3377149
          ],
          [
            103.703943,
            1.3379246
          ],
          [
            103.70506,
            1.3383503
          ],
          [
            103.7057788,
            1.3386173
          ],
          [
            103.7066597,
            1.3389444
          ],
          [
            103.7072828,
            1.3391843
          ],
          [
            103.7078782,
            1.3394643
          ],
          [
            103.7099021,
            1.3404726
          ],
          [
            103.710543,
            1.340733
          ],
          [
            103.7158279,
            1.3426518
          ],
          [
            103.7173959,
            1.3432911
          ],
          [
            103.7187485,
            1.3437555
          ],
          [
            103.7195078,
            1.3440157
          ],
          [
            103.7206767,
            1.344307
          ],
          [
            103.7214013,
            1.34449
          ],
          [
            103.7223709,
            1.3447424
          ],
          [
            103.7228085,
            1.3448006
          ],
          [
            103.7231152,
            1.3448298
          ],
          [
            103.7235112,
            1.3448451
          ],
          [
            103.7239425,
            1.3448231
          ],
          [
            103.7246248,
            1.3447343
          ],
          [
            103.7250592,
            1.3446312
          ],
          [
            103.726596,
            1.3442202
          ],
          [
            103.726876,
            1.3441708
          ],
          [
            103.7270658,
            1.3441453
          ],
          [
            103.7273935,
            1.344121
          ],
          [
            103.7279485,
            1.3441155
          ],
          [
            103.7289293,
            1.3441118
          ],
          [
            103.7293007,
            1.3440734
          ],
          [
            103.7295437,
            1.344048
          ],
          [
            103.7302228,
            1.3438862
          ],
          [
            103.7308472,
            1.3436381
          ],
          [
            103.7313946,
            1.3433217
          ],
          [
            103.7319335,
            1.3429282
          ],
          [
            103.7325877,
            1.3424559
          ],
          [
            103.7326689,
            1.3423973
          ],
          [
            103.7333946,
            1.3418556
          ],
          [
            103.7343669,
            1.3411453
          ],
          [
            103.7344684,
            1.3410704
          ],
          [
            103.7349518,
            1.3407135
          ],
          [
            103.7354215,
            1.3403666
          ],
          [
            103.7363775,
            1.3396488
          ],
          [
            103.7375166,
            1.3387985
          ],
          [
            103.7384184,
            1.3380866
          ],
          [
            103.7392265,
            1.3374473
          ],
          [
            103.7396015,
            1.3371416
          ],
          [
            103.740113,
            1.3367203
          ],
          [
            103.7402477,
            1.3365955
          ],
          [
            103.7403733,
            1.3364646
          ],
          [
            103.7405182,
            1.3363025
          ],
          [
            103.7406577,
            1.3361245
          ],
          [
            103.7408154,
            1.3359053
          ],
          [
            103.7409732,
            1.3356337
          ],
          [
            103.7411244,
            1.3353583
          ],
          [
            103.7413235,
            1.3349995
          ],
          [
            103.7415465,
            1.3345957
          ],
          [
            103.741841,
            1.3340632
          ],
          [
            103.742017,
            1.3337612
          ],
          [
            103.7423561,
            1.3331397
          ],
          [
            103.7427493,
            1.3324202
          ],
          [
            103.7428941,
            1.3321628
          ],
          [
            103.7430283,
            1.3319445
          ],
          [
            103.7431278,
            1.3317998
          ],
          [
            103.7432753,
            1.3315992
          ],
          [
            103.7434585,
            1.3313934
          ],
          [
            103.7436416,
            1.3312142
          ],
          [
            103.7437935,
            1.3310873
          ],
          [
            103.7439419,
            1.3309724
          ],
          [
            103.7442279,
            1.3307859
          ],
          [
            103.7445273,
            1.3306057
          ],
          [
            103.7450024,
            1.3303265
          ],
          [
            103.7452504,
            1.3301851
          ],
          [
            103.7455074,
            1.3300498
          ],
          [
            103.7458325,
            1.3298871
          ],
          [
            103.7463559,
            1.3296185
          ],
          [
            103.7465104,
            1.329542
          ],
          [
            103.7472846,
            1.3291451
          ],
          [
            103.747755,
            1.3289133
          ],
          [
            103.7483691,
            1.3286424
          ],
          [
            103.748813,
            1.3284694
          ],
          [
            103.7493382,
            1.3283509
          ],
          [
            103.7499218,
            1.3282823
          ],
          [
            103.7509426,
            1.3283318
          ],
          [
            103.7514077,
            1.3283036
          ],
          [
            103.7519152,
            1.3282438
          ],
          [
            103.7524004,
            1.3281347
          ],
          [
            103.7533495,
            1.3277682
          ],
          [
            103.7537332,
            1.3276354
          ],
          [
            103.7543944,
            1.3274592
          ],
          [
            103.754956,
            1.327301
          ],
          [
            103.7554005,
            1.3272031
          ],
          [
            103.7559699,
            1.3270792
          ],
          [
            103.7565302,
            1.3269674
          ],
          [
            103.7575619,
            1.326742
          ],
          [
            103.7577185,
            1.3266941
          ],
          [
            103.757907,
            1.3266315
          ],
          [
            103.7580796,
            1.326561
          ],
          [
            103.7581867,
            1.3265098
          ],
          [
            103.7582875,
            1.3264587
          ],
          [
            103.7586926,
            1.3262413
          ],
          [
            103.758811,
            1.3261659
          ],
          [
            103.7589321,
            1.3260852
          ],
          [
            103.7590449,
            1.325999
          ],
          [
            103.7592146,
            1.3258543
          ],
          [
            103.7593449,
            1.3257144
          ],
          [
            103.7594634,
            1.325576
          ],
          [
            103.7596002,
            1.3253987
          ],
          [
            103.7597154,
            1.3252387
          ],
          [
            103.7598117,
            1.3250789
          ],
          [
            103.7599176,
            1.3248742
          ],
          [
            103.760009,
            1.3246677
          ],
          [
            103.7602473,
            1.3241274
          ],
          [
            103.7604988,
            1.3235504
          ],
          [
            103.7608478,
            1.3227883
          ],
          [
            103.7611605,
            1.3220977
          ],
          [
            103.7613158,
            1.3217712
          ],
          [
            103.7614287,
            1.3215453
          ],
          [
            103.7616033,
            1.3212395
          ],
          [
            103.7618952,
            1.3208011
          ],
          [
            103.7625237,
            1.3198771
          ],
          [
            103.7632725,
            1.3187607
          ],
          [
            103.764079,
            1.3175645
          ],
          [
            103.7644433,
            1.3170059
          ],
          [
            103.764767,
            1.3163613
          ],
          [
            103.7650167,
            1.3157888
          ],
          [
            103.7653001,
            1.3151289
          ],
          [
            103.7656934,
            1.3142129
          ],
          [
            103.7659997,
            1.313638
          ],
          [
            103.7662178,
            1.3133229
          ],
          [
            103.7665587,
            1.3129295
          ],
          [
            103.7670016,
            1.3125498
          ],
          [
            103.7673521,
            1.312309
          ],
          [
            103.7676676,
            1.3121641
          ],
          [
            103.7679948,
            1.3120334
          ],
          [
            103.7682308,
            1.3119683
          ],
          [
            103.7684601,
            1.3119157
          ],
          [
            103.7686975,
            1.3118772
          ],
          [
            103.7689792,
            1.3118584
          ],
          [
            103.7692675,
            1.3118521
          ],
          [
            103.7700722,
            1.3119275
          ],
          [
            103.7707361,
            1.3119972
          ],
          [
            103.7726173,
            1.3122093
          ],
          [
            103.773919,
            1.3123778
          ],
          [
            103.7749621,
            1.3124907
          ],
          [
            103.7751518,
            1.3125133
          ],
          [
            103.7757938,
            1.3125605
          ],
          [
            103.7763182,
            1.3125104
          ],
          [
            103.7768179,
            1.3123999
          ],
          [
            103.7772489,
            1.3122194
          ],
          [
            103.7776307,
            1.3120307
          ],
          [
            103.7779935,
            1.311821
          ],
          [
            103.7786212,
            1.3114347
          ],
          [
            103.7794241,
            1.3109303
          ],
          [
            103.780536,
            1.3102898
          ],
          [
            103.7832034,
            1.3086628
          ],
          [
            103.7835034,
            1.3084767
          ],
          [
            103.7837532,
            1.30835
          ],
          [
            103.7843417,
            1.3080776
          ],
          [
            103.7846457,
            1.3080271
          ],
          [
            103.7851125,
            1.3079547
          ],
          [
            103.7863275,
            1.3077593
          ],
          [
            103.7868709,
            1.3077208
          ],
          [
            103.7874616,
            1.3076792
          ],
          [
            103.7880374,
            1.3075994
          ],
          [
            103.7885463,
            1.3075208
          ],
          [
            103.7889934,
            1.3074584
          ],
          [
            103.789336,
            1.3074121
          ],
          [
            103.789869,
            1.3073598
          ],
          [
            103.7907117,
            1.3072772
          ],
          [
            103.791407,
            1.3072028
          ],
          [
            103.7918599,
            1.3071438
          ],
          [
            103.7922842,
            1.3070713
          ],
          [
            103.792632,
            1.3069753
          ],
          [
            103.7930664,
            1.306825
          ],
          [
            103.7932949,
            1.306709
          ],
          [
            103.7936594,
            1.3065165
          ],
          [
            103.7938788,
            1.3063709
          ],
          [
            103.7941372,
            1.3061759
          ],
          [
            103.794362,
            1.3059693
          ],
          [
            103.7947185,
            1.3056591
          ],
          [
            103.7962815,
            1.3042738
          ],
          [
            103.7970166,
            1.3036172
          ],
          [
            103.7974739,
            1.3032359
          ],
          [
            103.7978057,
            1.3029733
          ],
          [
            103.7983573,
            1.3024949
          ],
          [
            103.7989774,
            1.301957
          ],
          [
            103.7991296,
            1.3017958
          ],
          [
            103.7991789,
            1.3017435
          ],
          [
            103.7995411,
            1.301381
          ],
          [
            103.7998176,
            1.3011509
          ],
          [
            103.8003415,
            1.3006816
          ],
          [
            103.8010847,
            1.30003
          ],
          [
            103.8016096,
            1.299555
          ],
          [
            103.8035214,
            1.297847
          ],
          [
            103.8043363,
            1.2971336
          ],
          [
            103.8046845,
            1.2967845
          ],
          [
            103.8050025,
            1.296385
          ],
          [
            103.8052018,
            1.2960769
          ],
          [
            103.8057454,
            1.2952328
          ],
          [
            103.8061105,
            1.294652
          ],
          [
            103.8064573,
            1.2941003
          ],
          [
            103.8067009,
            1.2937072
          ],
          [
            103.8068017,
            1.2935564
          ],
          [
            103.8069119,
            1.2934014
          ],
          [
            103.8070227,
            1.2932584
          ],
          [
            103.8071088,
            1.2931558
          ],
          [
            103.8072236,
            1.2930306
          ],
          [
            103.807319,
            1.2929339
          ],
          [
            103.8074287,
            1.2928282
          ],
          [
            103.8075225,
            1.2927422
          ],
          [
            103.8076298,
            1.2926457
          ],
          [
            103.8078112,
            1.2924818
          ],
          [
            103.8079961,
            1.2923155
          ],
          [
            103.8081371,
            1.2921901
          ],
          [
            103.80824,
            1.2920983
          ],
          [
            103.8083394,
            1.2920132
          ],
          [
            103.8084301,
            1.2919394
          ],
          [
            103.8085186,
            1.2918715
          ],
          [
            103.8085907,
            1.2918194
          ],
          [
            103.8086584,
            1.2917712
          ],
          [
            103.8087519,
            1.2917098
          ],
          [
            103.8088485,
            1.2916512
          ],
          [
            103.8089698,
            1.2915823
          ],
          [
            103.8090537,
            1.2915385
          ],
          [
            103.8091291,
            1.2915013
          ],
          [
            103.8092507,
            1.2914449
          ],
          [
            103.8093813,
            1.2913924
          ],
          [
            103.8095083,
            1.2913451
          ],
          [
            103.8096337,
            1.2913046
          ],
          [
            103.8097397,
            1.2912747
          ],
          [
            103.8098658,
            1.2912426
          ],
          [
            103.8099679,
            1.2912195
          ],
          [
            103.8100847,
            1.2911976
          ],
          [
            103.8102204,
            1.2911744
          ],
          [
            103.8106528,
            1.291104
          ],
          [
            103.8135725,
            1.2906397
          ],
          [
            103.8147762,
            1.2904485
          ],
          [
            103.8148923,
            1.2904283
          ],
          [
            103.8149777,
            1.2904113
          ],
          [
            103.815085,
            1.2903885
          ],
          [
            103.815143,
            1.2903748
          ],
          [
            103.8152097,
            1.2903577
          ],
          [
            103.8152937,
            1.2903354
          ],
          [
            103.8153653,
            1.2903141
          ],
          [
            103.8154377,
            1.2902926
          ],
          [
            103.8155467,
            1.2902561
          ],
          [
            103.8156419,
            1.290222
          ],
          [
            103.815713,
            1.2901951
          ],
          [
            103.8157938,
            1.2901619
          ],
          [
            103.8158742,
            1.2901285
          ],
          [
            103.8159634,
            1.2900888
          ],
          [
            103.8160265,
            1.290058
          ],
          [
            103.8161228,
            1.2900127
          ],
          [
            103.8167927,
            1.2897043
          ],
          [
            103.817389,
            1.2894298
          ],
          [
            103.8176059,
            1.2893265
          ],
          [
            103.8178282,
            1.2892214
          ],
          [
            103.8180243,
            1.2891389
          ],
          [
            103.8181873,
            1.2890766
          ],
          [
            103.8183344,
            1.2890277
          ],
          [
            103.8184864,
            1.2889824
          ],
          [
            103.8186444,
            1.2889394
          ],
          [
            103.8188428,
            1.2888962
          ],
          [
            103.8189973,
            1.2888685
          ],
          [
            103.8191328,
            1.2888486
          ],
          [
            103.8192571,
            1.2888327
          ],
          [
            103.8194134,
            1.2888188
          ],
          [
            103.8195785,
            1.2888077
          ],
          [
            103.8197309,
            1.2887995
          ],
          [
            103.8199707,
            1.2887867
          ],
          [
            103.8204824,
            1.2887732
          ],
          [
            103.8210575,
            1.2887363
          ],
          [
            103.8216671,
            1.2887008
          ],
          [
            103.8220593,
            1.288638
          ],
          [
            103.822388,
            1.2885507
          ],
          [
            103.8230075,
            1.2882545
          ],
          [
            103.8243526,
            1.2872054
          ],
          [
            103.8248501,
            1.2868843
          ],
          [
            103.8253044,
            1.2866815
          ],
          [
            103.8259934,
            1.2864924
          ],
          [
            103.8271702,
            1.2862129
          ],
          [
            103.8284236,
            1.2859844
          ],
          [
            103.8294911,
            1.2859308
          ],
          [
            103.8306208,
            1.2860152
          ],
          [
            103.8324875,
            1.2860613
          ],
          [
            103.8327728,
            1.2860349
          ],
          [
            103.8330246,
            1.2859762
          ],
          [
            103.8332764,
            1.2858997
          ],
          [
            103.8335488,
            1.2857607
          ],
          [
            103.8337834,
            1.2856025
          ],
          [
            103.8339276,
            1.2854674
          ],
          [
            103.8348457,
            1.2843872
          ],
          [
            103.8351141,
            1.28417
          ],
          [
            103.8353636,
            1.2839653
          ],
          [
            103.8361386,
            1.2834117
          ],
          [
            103.8384658,
            1.2819179
          ],
          [
            103.8393621,
            1.281343
          ],
          [
            103.8399003,
            1.281002
          ],
          [
            103.8404936,
            1.2805546
          ],
          [
            103.8406721,
            1.2803518
          ],
          [
            103.8409628,
            1.2800216
          ],
          [
            103.841325,
            1.2793666
          ],
          [
            103.842091,
            1.2777118
          ],
          [
            103.8424891,
            1.2772158
          ],
          [
            103.8430281,
            1.2768052
          ],
          [
            103.843419,
            1.2766107
          ],
          [
            103.8437436,
            1.2765282
          ],
          [
            103.8441433,
            1.2764665
          ],
          [
            103.8447809,
            1.2764843
          ],
          [
            103.8457932,
            1.2765972
          ],
          [
            103.8463732,
            1.2766619
          ],
          [
            103.8464943,
            1.2766815
          ],
          [
            103.8466222,
            1.2767129
          ],
          [
            103.84679,
            1.2767639
          ],
          [
            103.846947,
            1.2768203
          ],
          [
            103.8470811,
            1.2768799
          ],
          [
            103.8472247,
            1.2769535
          ],
          [
            103.8473587,
            1.2770355
          ],
          [
            103.8474707,
            1.2771132
          ],
          [
            103.847596,
            1.2772098
          ],
          [
            103.8477304,
            1.2773296
          ],
          [
            103.8478596,
            1.2774632
          ],
          [
            103.8479752,
            1.2776021
          ],
          [
            103.8481151,
            1.277803
          ],
          [
            103.8482358,
            1.2779954
          ],
          [
            103.8484644,
            1.2783756
          ],
          [
            103.8488207,
            1.278961
          ],
          [
            103.8492467,
            1.2796646
          ],
          [
            103.8494431,
            1.2799839
          ],
          [
            103.8496411,
            1.2803009
          ],
          [
            103.8498089,
            1.2805381
          ],
          [
            103.8499828,
            1.2807662
          ],
          [
            103.8502216,
            1.2810614
          ],
          [
            103.8506705,
            1.2816289
          ],
          [
            103.8508125,
            1.2818139
          ],
          [
            103.8508804,
            1.2819138
          ],
          [
            103.8509445,
            1.2820166
          ],
          [
            103.851007,
            1.2821247
          ],
          [
            103.851063,
            1.2822361
          ],
          [
            103.8511158,
            1.2823513
          ],
          [
            103.8511641,
            1.2824682
          ],
          [
            103.8512143,
            1.282601
          ],
          [
            103.8512519,
            1.2827176
          ],
          [
            103.8512867,
            1.2828563
          ],
          [
            103.8513143,
            1.2830233
          ],
          [
            103.8513337,
            1.2831897
          ],
          [
            103.8513722,
            1.2835979
          ],
          [
            103.8514447,
            1.284395
          ],
          [
            103.8514668,
            1.2846388
          ],
          [
            103.851507,
            1.2850809
          ],
          [
            103.8515265,
            1.2852908
          ],
          [
            103.8515437,
            1.2854888
          ],
          [
            103.8515603,
            1.2856561
          ],
          [
            103.8515914,
            1.2858551
          ],
          [
            103.8516348,
            1.2860662
          ],
          [
            103.851684,
            1.2862459
          ],
          [
            103.8517526,
            1.2864565
          ],
          [
            103.8518209,
            1.2866567
          ],
          [
            103.8519108,
            1.2869164
          ],
          [
            103.8520048,
            1.2871902
          ],
          [
            103.8520973,
            1.28746
          ],
          [
            103.8521661,
            1.2876478
          ],
          [
            103.8522561,
            1.2878614
          ],
          [
            103.8523335,
            1.2880197
          ],
          [
            103.8523913,
            1.2881338
          ],
          [
            103.8524496,
            1.2882403
          ],
          [
            103.8525689,
            1.2884386
          ],
          [
            103.8526893,
            1.2886162
          ],
          [
            103.852813,
            1.2887835
          ],
          [
            103.8529456,
            1.2889584
          ],
          [
            103.8530696,
            1.289125
          ],
          [
            103.8531306,
            1.2892148
          ],
          [
            103.8531903,
            1.2893085
          ],
          [
            103.8532179,
            1.2893542
          ],
          [
            103.8532452,
            1.2894026
          ],
          [
            103.8533007,
            1.2895007
          ],
          [
            103.8533847,
            1.2896878
          ],
          [
            103.8534503,
            1.2898666
          ],
          [
            103.8535072,
            1.29005
          ],
          [
            103.8535425,
            1.2902182
          ],
          [
            103.8535723,
            1.2903867
          ],
          [
            103.8535882,
            1.2906121
          ],
          [
            103.8535895,
            1.2908065
          ],
          [
            103.8535794,
            1.2909814
          ],
          [
            103.853561,
            1.2911562
          ],
          [
            103.8535291,
            1.2913086
          ],
          [
            103.8534922,
            1.2914547
          ],
          [
            103.8534533,
            1.2915845
          ],
          [
            103.853405,
            1.2917235
          ],
          [
            103.8533484,
            1.2918563
          ],
          [
            103.8532874,
            1.291983
          ],
          [
            103.8531978,
            1.2921405
          ],
          [
            103.8530957,
            1.2923027
          ],
          [
            103.8526589,
            1.2929663
          ],
          [
            103.8523531,
            1.2934307
          ],
          [
            103.8522445,
            1.2935957
          ],
          [
            103.8521529,
            1.2937436
          ],
          [
            103.8521102,
            1.2938212
          ],
          [
            103.8520816,
            1.2938785
          ],
          [
            103.8520509,
            1.2939441
          ],
          [
            103.8520319,
            1.2939865
          ],
          [
            103.85201,
            1.2940377
          ],
          [
            103.8519872,
            1.2940939
          ],
          [
            103.8519574,
            1.294171
          ],
          [
            103.8519336,
            1.2942437
          ],
          [
            103.8519045,
            1.2943531
          ],
          [
            103.8518725,
            1.294485
          ],
          [
            103.851846,
            1.2946332
          ],
          [
            103.8518268,
            1.294772
          ],
          [
            103.8518189,
            1.2948963
          ],
          [
            103.8518153,
            1.2950127
          ],
          [
            103.8518182,
            1.2951397
          ],
          [
            103.8518275,
            1.2952594
          ],
          [
            103.8518461,
            1.2954023
          ],
          [
            103.8518811,
            1.2955847
          ],
          [
            103.851926,
            1.2957507
          ],
          [
            103.8519928,
            1.2959464
          ],
          [
            103.8520704,
            1.2961279
          ],
          [
            103.8521489,
            1.2962816
          ],
          [
            103.8522362,
            1.2964218
          ],
          [
            103.8523116,
            1.2965263
          ],
          [
            103.8523758,
            1.2966123
          ],
          [
            103.8525474,
            1.2968255
          ],
          [
            103.8527178,
            1.2970288
          ],
          [
            103.8533785,
            1.2978164
          ],
          [
            103.8541444,
            1.298721
          ],
          [
            103.8548997,
            1.2996229
          ],
          [
            103.8559742,
            1.300872
          ],
          [
            103.8562484,
            1.3011907
          ],
          [
            103.8577138,
            1.3028219
          ],
          [
            103.858355,
            1.3034781
          ],
          [
            103.8591266,
            1.3041994
          ],
          [
            103.8607934,
            1.3055937
          ],
          [
            103.8624469,
            1.3071011
          ],
          [
            103.862768,
            1.3074083
          ],
          [
            103.8630499,
            1.3076779
          ],
          [
            103.8639725,
            1.308568
          ],
          [
            103.8643728,
            1.3088708
          ],
          [
            103.8648251,
            1.3091167
          ],
          [
            103.8652698,
            1.3093184
          ],
          [
            103.8657867,
            1.3094995
          ],
          [
            103.8663986,
            1.3096521
          ],
          [
            103.8670511,
            1.3098268
          ],
          [
            103.8680028,
            1.310075
          ],
          [
            103.8687212,
            1.310262
          ],
          [
            103.8691042,
            1.3103655
          ],
          [
            103.8693678,
            1.310448
          ],
          [
            103.8696048,
            1.3105371
          ],
          [
            103.8698162,
            1.3106317
          ],
          [
            103.8699574,
            1.3107023
          ],
          [
            103.8702378,
            1.3108597
          ],
          [
            103.870723,
            1.3111696
          ],
          [
            103.8712879,
            1.311533
          ],
          [
            103.8718779,
            1.3118835
          ],
          [
            103.8723564,
            1.3121749
          ],
          [
            103.8732912,
            1.3126936
          ],
          [
            103.8738371,
            1.3130066
          ],
          [
            103.8741655,
            1.3132193
          ],
          [
            103.8747543,
            1.3136238
          ],
          [
            103.8749177,
            1.3137338
          ],
          [
            103.8756064,
            1.3142029
          ],
          [
            103.8761888,
            1.3145996
          ],
          [
            103.876713,
            1.3149571
          ],
          [
            103.8769918,
            1.3151377
          ],
          [
            103.8772841,
            1.3152872
          ],
          [
            103.8775945,
            1.3154214
          ],
          [
            103.8779161,
            1.3155322
          ],
          [
            103.8782466,
            1.3156197
          ],
          [
            103.8785212,
            1.3156781
          ],
          [
            103.8791497,
            1.3157837
          ],
          [
            103.8807712,
            1.3160723
          ],
          [
            103.881272,
            1.3161804
          ],
          [
            103.8815735,
            1.3162582
          ],
          [
            103.8818728,
            1.3163283
          ],
          [
            103.8822561,
            1.3163945
          ],
          [
            103.8828874,
            1.3165284
          ],
          [
            103.8836074,
            1.3166379
          ],
          [
            103.8843389,
            1.3167656
          ],
          [
            103.8848946,
            1.3168268
          ],
          [
            103.8856747,
            1.3169713
          ],
          [
            103.886983,
            1.3172137
          ],
          [
            103.8906032,
            1.3178538
          ],
          [
            103.8913944,
            1.3179887
          ],
          [
            103.8921806,
            1.3180964
          ],
          [
            103.8929966,
            1.3182018
          ],
          [
            103.8940689,
            1.3183402
          ],
          [
            103.8949548,
            1.3184019
          ],
          [
            103.8958204,
            1.3184882
          ],
          [
            103.8961951,
            1.3185566
          ],
          [
            103.8979911,
            1.3189122
          ],
          [
            103.9003029,
            1.3193485
          ],
          [
            103.900926,
            1.3194884
          ],
          [
            103.9014774,
            1.3196318
          ],
          [
            103.9017947,
            1.3196931
          ],
          [
            103.9028771,
            1.3198403
          ],
          [
            103.9035367,
            1.31993
          ],
          [
            103.9045202,
            1.3200394
          ],
          [
            103.9053239,
            1.3200573
          ],
          [
            103.9061231,
            1.320002
          ],
          [
            103.9063995,
            1.3199829
          ],
          [
            103.9070226,
            1.319899
          ],
          [
            103.9074416,
            1.3199019
          ],
          [
            103.9077793,
            1.3199258
          ],
          [
            103.9079417,
            1.319953
          ],
          [
            103.908162,
            1.3199899
          ],
          [
            103.9091043,
            1.3201934
          ],
          [
            103.9100143,
            1.3203883
          ],
          [
            103.9108372,
            1.3205731
          ],
          [
            103.9114769,
            1.3207602
          ],
          [
            103.912184,
            1.3209423
          ],
          [
            103.912912,
            1.3210957
          ],
          [
            103.9136361,
            1.3212483
          ],
          [
            103.9144507,
            1.3213947
          ],
          [
            103.9153753,
            1.3214974
          ],
          [
            103.9159584,
            1.321517
          ],
          [
            103.9166176,
            1.3215084
          ],
          [
            103.9173346,
            1.3214038
          ],
          [
            103.9180585,
            1.3213341
          ],
          [
            103.9186624,
            1.3212956
          ],
          [
            103.919097,
            1.3213321
          ],
          [
            103.9195485,
            1.3214119
          ],
          [
            103.9209911,
            1.3219169
          ],
          [
            103.9231922,
            1.3226642
          ],
          [
            103.9240221,
            1.322918
          ],
          [
            103.9246014,
            1.3230599
          ],
          [
            103.9252448,
            1.3231866
          ],
          [
            103.926636,
            1.3234267
          ],
          [
            103.9274548,
            1.3235509
          ],
          [
            103.9279457,
            1.3236388
          ],
          [
            103.9287686,
            1.3238117
          ],
          [
            103.9292591,
            1.3239212
          ],
          [
            103.9295088,
            1.3239674
          ],
          [
            103.930196,
            1.3240641
          ],
          [
            103.9308836,
            1.3241603
          ],
          [
            103.9315702,
            1.3242149
          ],
          [
            103.93197,
            1.3242469
          ],
          [
            103.9325684,
            1.324293
          ],
          [
            103.9329413,
            1.3243195
          ],
          [
            103.9358096,
            1.3246681
          ],
          [
            103.937307,
            1.3248782
          ],
          [
            103.9405771,
            1.3253183
          ],
          [
            103.9407534,
            1.3253572
          ],
          [
            103.9410705,
            1.3254705
          ],
          [
            103.9415896,
            1.3255958
          ],
          [
            103.9419373,
            1.3256949
          ],
          [
            103.9432815,
            1.3261495
          ],
          [
            103.9438544,
            1.3263678
          ],
          [
            103.9447863,
            1.3268191
          ],
          [
            103.9453691,
            1.327086
          ],
          [
            103.9456455,
            1.3271946
          ],
          [
            103.9464205,
            1.3274758
          ],
          [
            103.9474391,
            1.3278454
          ],
          [
            103.9476404,
            1.3279085
          ],
          [
            103.9478318,
            1.3279583
          ],
          [
            103.9486548,
            1.3281683
          ],
          [
            103.9490259,
            1.3282854
          ],
          [
            103.9496235,
            1.3284829
          ],
          [
            103.949858,
            1.3285851
          ],
          [
            103.9506412,
            1.3289954
          ],
          [
            103.950979,
            1.3291434
          ],
          [
            103.9515165,
            1.3294458
          ],
          [
            103.9516885,
            1.3295364
          ],
          [
            103.9518521,
            1.329603
          ],
          [
            103.9521141,
            1.3297839
          ],
          [
            103.9524673,
            1.3300584
          ],
          [
            103.9528325,
            1.3303289
          ],
          [
            103.9531404,
            1.3305354
          ],
          [
            103.9533939,
            1.3306878
          ],
          [
            103.953662,
            1.3308497
          ],
          [
            103.9540157,
            1.3310467
          ],
          [
            103.9543271,
            1.3312449
          ],
          [
            103.9546244,
            1.3314537
          ],
          [
            103.9550072,
            1.331807
          ],
          [
            103.9552566,
            1.3320855
          ],
          [
            103.9554934,
            1.3323999
          ],
          [
            103.9557487,
            1.3328004
          ],
          [
            103.9559987,
            1.3333383
          ],
          [
            103.9561808,
            1.3337934
          ],
          [
            103.9563133,
            1.3342326
          ],
          [
            103.9564246,
            1.3347069
          ],
          [
            103.9564789,
            1.3350702
          ],
          [
            103.9565394,
            1.3355693
          ],
          [
            103.9565517,
            1.3359214
          ],
          [
            103.9565173,
            1.3365748
          ],
          [
            103.9564629,
            1.3369265
          ],
          [
            103.9564127,
            1.3372887
          ],
          [
            103.9563541,
            1.3375758
          ],
          [
            103.9562436,
            1.3380077
          ],
          [
            103.9561393,
            1.3384988
          ],
          [
            103.956105,
            1.3386462
          ],
          [
            103.9559482,
            1.3393197
          ],
          [
            103.9557715,
            1.3397948
          ],
          [
            103.9555692,
            1.3402447
          ],
          [
            103.9553147,
            1.3407212
          ],
          [
            103.9550441,
            1.3410948
          ],
          [
            103.954745,
            1.3414761
          ],
          [
            103.9544942,
            1.3417726
          ],
          [
            103.9541517,
            1.3421419
          ],
          [
            103.953959,
            1.342356
          ],
          [
            103.9538199,
            1.3425106
          ],
          [
            103.9533122,
            1.3431425
          ],
          [
            103.9527448,
            1.3438488
          ],
          [
            103.9523712,
            1.3443316
          ],
          [
            103.9521159,
            1.3446842
          ],
          [
            103.9518879,
            1.3449762
          ],
          [
            103.9464728,
            1.3516166
          ],
          [
            103.946182,
            1.3519949
          ],
          [
            103.9457744,
            1.3524371
          ],
          [
            103.9447957,
            1.3535911
          ],
          [
            103.9446417,
            1.3537797
          ],
          [
            103.944337,
            1.3541916
          ],
          [
            103.944047,
            1.3546215
          ],
          [
            103.9437597,
            1.3552135
          ],
          [
            103.9436047,
            1.3555739
          ],
          [
            103.9434867,
            1.3561461
          ],
          [
            103.9434567,
            1.3565432
          ],
          [
            103.9434604,
            1.3569262
          ],
          [
            103.943484,
            1.3572334
          ],
          [
            103.943539,
            1.3575171
          ],
          [
            103.9436919,
            1.3581164
          ],
          [
            103.9439103,
            1.3587497
          ],
          [
            103.9440769,
            1.3592874
          ],
          [
            103.9445991,
            1.3609923
          ],
          [
            103.9450429,
            1.3623193
          ],
          [
            103.9452339,
            1.3628559
          ],
          [
            103.9454863,
            1.3634067
          ],
          [
            103.9457502,
            1.3639609
          ],
          [
            103.9459892,
            1.3643942
          ],
          [
            103.946417,
            1.3650949
          ],
          [
            103.946907,
            1.3659216
          ],
          [
            103.9473239,
            1.3666981
          ],
          [
            103.9477058,
            1.3675573
          ],
          [
            103.947944,
            1.3682011
          ],
          [
            103.9480974,
            1.368787
          ],
          [
            103.9483292,
            1.3696056
          ],
          [
            103.9484673,
            1.3701312
          ],
          [
            103.9486835,
            1.3709788
          ],
          [
            103.9488042,
            1.371454
          ],
          [
            103.9490415,
            1.3723731
          ],
          [
            103.9492065,
            1.373042
          ]
        ]
      },
      "id": "relation/445764"
    },
    {
      "type": "Feature",
      "properties": {
        "@id": "relation/2312796",
        "colour": "#009645",
        "direction": "west",
        "from": "Pasir Ris",
        "from:ref": "1",
        "name": "MRT East-West Line (Pasir Ris → Tuas Link)",
        "network": "Mass Rapid Transit",
        "network:short": "MRT",
        "network:wikidata": "Q40176",
        "operator": "SMRT Trains",
        "public_transport:version": "2",
        "ref": "EWL",
        "route": "subway",
        "to": "Tuas Link",
        "to:ref": "2",
        "type": "route",
        "wikidata": "Q1895425",
        "wikipedia": "en:East–West Line (Singapore)"
      },
      "geometry": {
        "type": "LineString",
        "coordinates": [
          [
            103.9493325,
            1.3730213
          ],
          [
            103.949163,
            1.3723499
          ],
          [
            103.948861,
            1.3714028
          ],
          [
            103.9486883,
            1.370737
          ],
          [
            103.948283,
            1.3692603
          ],
          [
            103.9481535,
            1.3687347
          ],
          [
            103.9480077,
            1.368206
          ],
          [
            103.9477678,
            1.3675576
          ],
          [
            103.947384,
            1.3666942
          ],
          [
            103.9469653,
            1.3659142
          ],
          [
            103.9464744,
            1.3650859
          ],
          [
            103.9460471,
            1.3643861
          ],
          [
            103.9458098,
            1.3639559
          ],
          [
            103.9455469,
            1.3634039
          ],
          [
            103.945296,
            1.3628562
          ],
          [
            103.9451063,
            1.3623233
          ],
          [
            103.9446476,
            1.361005
          ],
          [
            103.9439546,
            1.3587082
          ],
          [
            103.9437561,
            1.3581229
          ],
          [
            103.9436043,
            1.357528
          ],
          [
            103.9435504,
            1.35725
          ],
          [
            103.9435273,
            1.3569488
          ],
          [
            103.9435244,
            1.3566502
          ],
          [
            103.9435236,
            1.3565709
          ],
          [
            103.9435531,
            1.3561809
          ],
          [
            103.9435739,
            1.3560799
          ],
          [
            103.9436689,
            1.3556195
          ],
          [
            103.9438208,
            1.3552664
          ],
          [
            103.9440226,
            1.3548625
          ],
          [
            103.9442273,
            1.354567
          ],
          [
            103.9444992,
            1.3542281
          ],
          [
            103.9447575,
            1.3539267
          ],
          [
            103.9455916,
            1.3528809
          ],
          [
            103.945865,
            1.3525401
          ],
          [
            103.9462306,
            1.352033
          ],
          [
            103.9465236,
            1.3516856
          ],
          [
            103.9507775,
            1.3464692
          ],
          [
            103.9519402,
            1.3450434
          ],
          [
            103.9521694,
            1.3447499
          ],
          [
            103.9524163,
            1.3444689
          ],
          [
            103.9528607,
            1.3439398
          ],
          [
            103.9534498,
            1.3432314
          ],
          [
            103.9539009,
            1.3426889
          ],
          [
            103.9542603,
            1.3422065
          ],
          [
            103.9545443,
            1.3418425
          ],
          [
            103.9547969,
            1.3415438
          ],
          [
            103.9550975,
            1.3411605
          ],
          [
            103.9553716,
            1.3407823
          ],
          [
            103.9556293,
            1.3402997
          ],
          [
            103.955834,
            1.3398445
          ],
          [
            103.9559935,
            1.339359
          ],
          [
            103.9561561,
            1.3386481
          ],
          [
            103.9561821,
            1.3385346
          ],
          [
            103.9563008,
            1.3380457
          ],
          [
            103.9564496,
            1.3372981
          ],
          [
            103.9565372,
            1.3370225
          ],
          [
            103.9566127,
            1.3366025
          ],
          [
            103.9566561,
            1.3359238
          ],
          [
            103.9566458,
            1.3355972
          ],
          [
            103.9565999,
            1.3350971
          ],
          [
            103.9565363,
            1.3347195
          ],
          [
            103.9564271,
            1.3342407
          ],
          [
            103.9563156,
            1.3338536
          ],
          [
            103.9562095,
            1.3334848
          ],
          [
            103.956064,
            1.3330387
          ],
          [
            103.955853,
            1.3325283
          ],
          [
            103.955642,
            1.3321577
          ],
          [
            103.9553767,
            1.3317785
          ],
          [
            103.9550709,
            1.3314215
          ],
          [
            103.954715,
            1.3310678
          ],
          [
            103.954369,
            1.3307322
          ],
          [
            103.9540144,
            1.3304378
          ],
          [
            103.9537859,
            1.330272
          ],
          [
            103.9535068,
            1.3301006
          ],
          [
            103.9532679,
            1.3299761
          ],
          [
            103.9529252,
            1.3298256
          ],
          [
            103.9525079,
            1.3296698
          ],
          [
            103.9520687,
            1.3294918
          ],
          [
            103.9516949,
            1.3293314
          ],
          [
            103.9512557,
            1.3290955
          ],
          [
            103.9504828,
            1.3286593
          ],
          [
            103.9501947,
            1.3285167
          ],
          [
            103.949958,
            1.3284112
          ],
          [
            103.9497498,
            1.3283171
          ],
          [
            103.9486757,
            1.3278786
          ],
          [
            103.9483122,
            1.3277496
          ],
          [
            103.9479852,
            1.3276522
          ],
          [
            103.9475963,
            1.3275008
          ],
          [
            103.9474574,
            1.3274492
          ],
          [
            103.9465544,
            1.3271219
          ],
          [
            103.9457783,
            1.3268407
          ],
          [
            103.945213,
            1.3266588
          ],
          [
            103.9442427,
            1.3263711
          ],
          [
            103.9425486,
            1.3258072
          ],
          [
            103.9416318,
            1.3255159
          ],
          [
            103.9405909,
            1.3252782
          ],
          [
            103.9373204,
            1.3248291
          ],
          [
            103.9358152,
            1.3246233
          ],
          [
            103.9329468,
            1.3242747
          ],
          [
            103.932576,
            1.3242296
          ],
          [
            103.9319655,
            1.3241572
          ],
          [
            103.9315639,
            1.3241092
          ],
          [
            103.9309066,
            1.3240314
          ],
          [
            103.9302155,
            1.3239336
          ],
          [
            103.9295283,
            1.3238371
          ],
          [
            103.9287893,
            1.3237254
          ],
          [
            103.9279512,
            1.323594
          ],
          [
            103.9274662,
            1.3235016
          ],
          [
            103.9266415,
            1.3233819
          ],
          [
            103.9252503,
            1.3231418
          ],
          [
            103.9246069,
            1.3230151
          ],
          [
            103.9240307,
            1.3228719
          ],
          [
            103.923207,
            1.3226215
          ],
          [
            103.9210071,
            1.3218747
          ],
          [
            103.9195549,
            1.3213584
          ],
          [
            103.9191051,
            1.3212839
          ],
          [
            103.9186592,
            1.3212412
          ],
          [
            103.9180509,
            1.32128
          ],
          [
            103.9173252,
            1.3213498
          ],
          [
            103.9166101,
            1.3214542
          ],
          [
            103.9159538,
            1.3214627
          ],
          [
            103.9153804,
            1.3214353
          ],
          [
            103.9144773,
            1.3212743
          ],
          [
            103.9136858,
            1.3211118
          ],
          [
            103.9129426,
            1.320951
          ],
          [
            103.9122131,
            1.3207931
          ],
          [
            103.9115169,
            1.320649
          ],
          [
            103.910827,
            1.3204945
          ],
          [
            103.9100277,
            1.3203275
          ],
          [
            103.9091174,
            1.3201325
          ],
          [
            103.9081737,
            1.3199287
          ],
          [
            103.9077866,
            1.3198639
          ],
          [
            103.907444,
            1.3198397
          ],
          [
            103.9070186,
            1.3198367
          ],
          [
            103.9063919,
            1.3199211
          ],
          [
            103.9053264,
            1.3200013
          ],
          [
            103.9043289,
            1.3198934
          ],
          [
            103.9035846,
            1.3197924
          ],
          [
            103.9029009,
            1.319704
          ],
          [
            103.9021804,
            1.3196109
          ],
          [
            103.9014756,
            1.3195159
          ],
          [
            103.9008885,
            1.319419
          ],
          [
            103.9003277,
            1.3193066
          ],
          [
            103.8980033,
            1.3188511
          ],
          [
            103.8962067,
            1.3184955
          ],
          [
            103.8957552,
            1.3183981
          ],
          [
            103.8949894,
            1.3182906
          ],
          [
            103.8940978,
            1.3181825
          ],
          [
            103.8934982,
            1.3181092
          ],
          [
            103.8932872,
            1.3180834
          ],
          [
            103.8930342,
            1.3180525
          ],
          [
            103.8922026,
            1.3179508
          ],
          [
            103.8913851,
            1.3178803
          ],
          [
            103.8906138,
            1.3177925
          ],
          [
            103.8869941,
            1.3171525
          ],
          [
            103.8849037,
            1.3167652
          ],
          [
            103.8843346,
            1.3166297
          ],
          [
            103.8837781,
            1.3165148
          ],
          [
            103.8836326,
            1.3164897
          ],
          [
            103.8829262,
            1.3163672
          ],
          [
            103.8822801,
            1.3162532
          ],
          [
            103.8817403,
            1.3161585
          ],
          [
            103.8814401,
            1.3161198
          ],
          [
            103.880861,
            1.3160455
          ],
          [
            103.8795452,
            1.315816
          ],
          [
            103.8784284,
            1.3156116
          ],
          [
            103.8780884,
            1.3155353
          ],
          [
            103.8778012,
            1.3154485
          ],
          [
            103.8775473,
            1.3153571
          ],
          [
            103.8773033,
            1.3152487
          ],
          [
            103.8770232,
            1.3150971
          ],
          [
            103.8767366,
            1.314926
          ],
          [
            103.8762143,
            1.3145721
          ],
          [
            103.8756456,
            1.3141886
          ],
          [
            103.8747822,
            1.3135863
          ],
          [
            103.8741977,
            1.3131801
          ],
          [
            103.873863,
            1.3129622
          ],
          [
            103.8733211,
            1.3126183
          ],
          [
            103.872487,
            1.3121025
          ],
          [
            103.8719506,
            1.3117593
          ],
          [
            103.8713792,
            1.3114087
          ],
          [
            103.8708078,
            1.3110364
          ],
          [
            103.8705387,
            1.3108753
          ],
          [
            103.870278,
            1.3107298
          ],
          [
            103.8699668,
            1.310583
          ],
          [
            103.8696909,
            1.3104809
          ],
          [
            103.8694263,
            1.3104004
          ],
          [
            103.8691113,
            1.3103189
          ],
          [
            103.8687374,
            1.3102178
          ],
          [
            103.868014,
            1.3100319
          ],
          [
            103.8670639,
            1.3097837
          ],
          [
            103.86641,
            1.3096087
          ],
          [
            103.8657987,
            1.3094562
          ],
          [
            103.8652828,
            1.3092746
          ],
          [
            103.8648404,
            1.3090717
          ],
          [
            103.8643954,
            1.3088285
          ],
          [
            103.8640006,
            1.3085298
          ],
          [
            103.8630832,
            1.3076432
          ],
          [
            103.8628017,
            1.3073677
          ],
          [
            103.8624837,
            1.3070565
          ],
          [
            103.8608313,
            1.305549
          ],
          [
            103.8603761,
            1.305164
          ],
          [
            103.8591553,
            1.3041575
          ],
          [
            103.8583771,
            1.3034403
          ],
          [
            103.8577448,
            1.3027902
          ],
          [
            103.8563529,
            1.3010995
          ],
          [
            103.8560866,
            1.3007905
          ],
          [
            103.8550033,
            1.2995333
          ],
          [
            103.8543124,
            1.2987024
          ],
          [
            103.8539295,
            1.2982561
          ],
          [
            103.8535412,
            1.2978243
          ],
          [
            103.8527978,
            1.2970077
          ],
          [
            103.8526175,
            1.2968073
          ],
          [
            103.8524367,
            1.2965984
          ],
          [
            103.8523593,
            1.2965051
          ],
          [
            103.8522713,
            1.2963888
          ],
          [
            103.8521833,
            1.2962545
          ],
          [
            103.8521,
            1.2961018
          ],
          [
            103.852018,
            1.2959285
          ],
          [
            103.8519485,
            1.2957454
          ],
          [
            103.8519029,
            1.2955834
          ],
          [
            103.8518639,
            1.2953964
          ],
          [
            103.851842,
            1.2952521
          ],
          [
            103.8518308,
            1.2951218
          ],
          [
            103.8518285,
            1.2950048
          ],
          [
            103.8518305,
            1.2948985
          ],
          [
            103.8518394,
            1.2947661
          ],
          [
            103.8518553,
            1.2946305
          ],
          [
            103.8518791,
            1.2944877
          ],
          [
            103.8519079,
            1.2943564
          ],
          [
            103.8519403,
            1.294243
          ],
          [
            103.8519635,
            1.2941701
          ],
          [
            103.8519909,
            1.2940949
          ],
          [
            103.852011,
            1.2940417
          ],
          [
            103.8520333,
            1.2939872
          ],
          [
            103.8520525,
            1.2939451
          ],
          [
            103.8520836,
            1.2938797
          ],
          [
            103.8521125,
            1.2938228
          ],
          [
            103.8521544,
            1.2937474
          ],
          [
            103.8522472,
            1.2935967
          ],
          [
            103.8523539,
            1.2934345
          ],
          [
            103.8526791,
            1.2929405
          ],
          [
            103.8530979,
            1.2923043
          ],
          [
            103.8532019,
            1.2921412
          ],
          [
            103.8532928,
            1.2919872
          ],
          [
            103.8533568,
            1.2918623
          ],
          [
            103.8534282,
            1.2917047
          ],
          [
            103.8534744,
            1.2915845
          ],
          [
            103.8535177,
            1.2914584
          ],
          [
            103.8535586,
            1.2913136
          ],
          [
            103.8535971,
            1.2911502
          ],
          [
            103.8536203,
            1.2909939
          ],
          [
            103.8536397,
            1.2908172
          ],
          [
            103.8536464,
            1.2906188
          ],
          [
            103.8536409,
            1.2904214
          ],
          [
            103.8536263,
            1.2902628
          ],
          [
            103.85359,
            1.2900284
          ],
          [
            103.8535532,
            1.2898787
          ],
          [
            103.8534915,
            1.2896749
          ],
          [
            103.8534245,
            1.2895006
          ],
          [
            103.8533511,
            1.2893407
          ],
          [
            103.853283,
            1.2892063
          ],
          [
            103.8531683,
            1.2890226
          ],
          [
            103.8530543,
            1.2888617
          ],
          [
            103.8526949,
            1.2884125
          ],
          [
            103.852597,
            1.2882858
          ],
          [
            103.8524998,
            1.2881551
          ],
          [
            103.8523922,
            1.2879946
          ],
          [
            103.8523006,
            1.2878434
          ],
          [
            103.8521913,
            1.2876383
          ],
          [
            103.8521089,
            1.2874512
          ],
          [
            103.8520094,
            1.2871887
          ],
          [
            103.8519141,
            1.2869152
          ],
          [
            103.8518246,
            1.2866558
          ],
          [
            103.8517562,
            1.286455
          ],
          [
            103.8516871,
            1.2862445
          ],
          [
            103.8516384,
            1.2860632
          ],
          [
            103.8515949,
            1.285853
          ],
          [
            103.8515647,
            1.2856566
          ],
          [
            103.8515481,
            1.2854872
          ],
          [
            103.85153,
            1.2852901
          ],
          [
            103.8515121,
            1.2850802
          ],
          [
            103.8514723,
            1.2846394
          ],
          [
            103.8514504,
            1.284396
          ],
          [
            103.8513783,
            1.2835975
          ],
          [
            103.8513404,
            1.2831903
          ],
          [
            103.8513207,
            1.2830208
          ],
          [
            103.851292,
            1.282855
          ],
          [
            103.8512575,
            1.2827163
          ],
          [
            103.851219,
            1.2825963
          ],
          [
            103.8511707,
            1.2824643
          ],
          [
            103.8511215,
            1.2823469
          ],
          [
            103.8510714,
            1.2822343
          ],
          [
            103.851013,
            1.2821218
          ],
          [
            103.8509524,
            1.282011
          ],
          [
            103.8508873,
            1.2819088
          ],
          [
            103.850818,
            1.281809
          ],
          [
            103.8506759,
            1.2816262
          ],
          [
            103.8502385,
            1.281075
          ],
          [
            103.8499934,
            1.2807583
          ],
          [
            103.8498684,
            1.2805784
          ],
          [
            103.8497472,
            1.2803907
          ],
          [
            103.8493406,
            1.2796659
          ],
          [
            103.8491306,
            1.2793044
          ],
          [
            103.8489163,
            1.2789471
          ],
          [
            103.8485013,
            1.2782656
          ],
          [
            103.8480928,
            1.2775984
          ],
          [
            103.8479722,
            1.2774343
          ],
          [
            103.8478871,
            1.2773338
          ],
          [
            103.8477634,
            1.2772042
          ],
          [
            103.8476336,
            1.2770871
          ],
          [
            103.8474799,
            1.2769646
          ],
          [
            103.8472563,
            1.2768242
          ],
          [
            103.8471045,
            1.2767452
          ],
          [
            103.8469382,
            1.2766723
          ],
          [
            103.8467357,
            1.2766037
          ],
          [
            103.8465828,
            1.2765655
          ],
          [
            103.8464075,
            1.2765325
          ],
          [
            103.8457849,
            1.2764603
          ],
          [
            103.8447985,
            1.2763459
          ],
          [
            103.8440998,
            1.2763231
          ],
          [
            103.843662,
            1.2763813
          ],
          [
            103.8432184,
            1.2765352
          ],
          [
            103.8427978,
            1.2767737
          ],
          [
            103.8423657,
            1.2771353
          ],
          [
            103.8419632,
            1.2776404
          ],
          [
            103.8412225,
            1.2793379
          ],
          [
            103.8408343,
            1.2799882
          ],
          [
            103.8405827,
            1.2802666
          ],
          [
            103.8404009,
            1.2804678
          ],
          [
            103.839822,
            1.280883
          ],
          [
            103.8392952,
            1.2812339
          ],
          [
            103.838398,
            1.2818182
          ],
          [
            103.8381353,
            1.2819963
          ],
          [
            103.8364234,
            1.2831184
          ],
          [
            103.8358037,
            1.2835263
          ],
          [
            103.8351986,
            1.2839197
          ],
          [
            103.8349371,
            1.2840882
          ],
          [
            103.8347139,
            1.2842573
          ],
          [
            103.834433,
            1.2845224
          ],
          [
            103.8338255,
            1.2852286
          ],
          [
            103.8335305,
            1.2854697
          ],
          [
            103.8331604,
            1.2857283
          ],
          [
            103.8328698,
            1.2858569
          ],
          [
            103.8325487,
            1.2859573
          ],
          [
            103.8322506,
            1.2859814
          ],
          [
            103.8319375,
            1.2859707
          ],
          [
            103.8294935,
            1.2858249
          ],
          [
            103.8283968,
            1.2858622
          ],
          [
            103.8271648,
            1.2860825
          ],
          [
            103.8258626,
            1.2863954
          ],
          [
            103.8251996,
            1.2866065
          ],
          [
            103.8245666,
            1.2869571
          ],
          [
            103.8229826,
            1.2881925
          ],
          [
            103.8223697,
            1.2885086
          ],
          [
            103.8220406,
            1.2885911
          ],
          [
            103.8216612,
            1.2886562
          ],
          [
            103.8210553,
            1.2886914
          ],
          [
            103.8204805,
            1.2887283
          ],
          [
            103.81997,
            1.2887431
          ],
          [
            103.8197211,
            1.2887568
          ],
          [
            103.8195796,
            1.288762
          ],
          [
            103.8190032,
            1.2887932
          ],
          [
            103.8188418,
            1.2888054
          ],
          [
            103.8187211,
            1.2888181
          ],
          [
            103.8186201,
            1.2888322
          ],
          [
            103.8185434,
            1.2888446
          ],
          [
            103.8184528,
            1.288862
          ],
          [
            103.8183715,
            1.288879
          ],
          [
            103.8182758,
            1.2889023
          ],
          [
            103.8181897,
            1.2889251
          ],
          [
            103.8180753,
            1.2889596
          ],
          [
            103.8179728,
            1.2889944
          ],
          [
            103.817843,
            1.289043
          ],
          [
            103.8177173,
            1.2890953
          ],
          [
            103.8175401,
            1.289179
          ],
          [
            103.8173582,
            1.289267
          ],
          [
            103.8167343,
            1.2895755
          ],
          [
            103.8160698,
            1.2899042
          ],
          [
            103.8159284,
            1.2899792
          ],
          [
            103.8158476,
            1.2900205
          ],
          [
            103.8157941,
            1.2900488
          ],
          [
            103.8157349,
            1.2900789
          ],
          [
            103.8156803,
            1.2901068
          ],
          [
            103.8156231,
            1.2901354
          ],
          [
            103.8155581,
            1.2901686
          ],
          [
            103.8154969,
            1.2901984
          ],
          [
            103.8154516,
            1.290217
          ],
          [
            103.8154012,
            1.2902372
          ],
          [
            103.8153411,
            1.2902596
          ],
          [
            103.8152442,
            1.2902921
          ],
          [
            103.8151928,
            1.290308
          ],
          [
            103.8151165,
            1.2903302
          ],
          [
            103.8150324,
            1.290352
          ],
          [
            103.8148989,
            1.2903847
          ],
          [
            103.8146753,
            1.290425
          ],
          [
            103.8144419,
            1.2904619
          ],
          [
            103.8139652,
            1.2905403
          ],
          [
            103.8104966,
            1.2910894
          ],
          [
            103.8101733,
            1.2911423
          ],
          [
            103.8099223,
            1.2911903
          ],
          [
            103.8098131,
            1.2912147
          ],
          [
            103.8097229,
            1.2912389
          ],
          [
            103.8096119,
            1.2912707
          ],
          [
            103.8094966,
            1.2913083
          ],
          [
            103.8093888,
            1.2913471
          ],
          [
            103.8093028,
            1.2913813
          ],
          [
            103.8091972,
            1.2914266
          ],
          [
            103.809096,
            1.2914733
          ],
          [
            103.8089636,
            1.2915409
          ],
          [
            103.8088388,
            1.2916116
          ],
          [
            103.8087094,
            1.2916909
          ],
          [
            103.8086168,
            1.2917537
          ],
          [
            103.8084975,
            1.2918382
          ],
          [
            103.8083372,
            1.2919651
          ],
          [
            103.8080918,
            1.2921781
          ],
          [
            103.8074477,
            1.2927556
          ],
          [
            103.8072382,
            1.2929443
          ],
          [
            103.8070416,
            1.2931225
          ],
          [
            103.8069284,
            1.2932326
          ],
          [
            103.8068167,
            1.2933517
          ],
          [
            103.8067071,
            1.2934806
          ],
          [
            103.8066126,
            1.2936019
          ],
          [
            103.8064684,
            1.2938071
          ],
          [
            103.8063408,
            1.2940046
          ],
          [
            103.8059705,
            1.2945908
          ],
          [
            103.8056277,
            1.2951334
          ],
          [
            103.8054511,
            1.2954219
          ],
          [
            103.8053573,
            1.2955915
          ],
          [
            103.8051568,
            1.2959812
          ],
          [
            103.8049503,
            1.2963231
          ],
          [
            103.8045899,
            1.2967934
          ],
          [
            103.8043021,
            1.297091
          ],
          [
            103.8034865,
            1.2978142
          ],
          [
            103.8015447,
            1.2995204
          ],
          [
            103.8009922,
            1.3000354
          ],
          [
            103.7998757,
            1.3010219
          ],
          [
            103.7994728,
            1.3013681
          ],
          [
            103.7991021,
            1.3016682
          ],
          [
            103.7990558,
            1.3017063
          ],
          [
            103.7987535,
            1.3019551
          ],
          [
            103.7982661,
            1.3023857
          ],
          [
            103.7977353,
            1.3028545
          ],
          [
            103.7974924,
            1.3030601
          ],
          [
            103.7972403,
            1.3033267
          ],
          [
            103.7970159,
            1.3035388
          ],
          [
            103.7962992,
            1.3041808
          ],
          [
            103.7947008,
            1.3056112
          ],
          [
            103.7943046,
            1.3059703
          ],
          [
            103.7940569,
            1.3061702
          ],
          [
            103.7938065,
            1.3063607
          ],
          [
            103.7935942,
            1.3064996
          ],
          [
            103.7932531,
            1.3066687
          ],
          [
            103.792767,
            1.3068491
          ],
          [
            103.7923722,
            1.3069427
          ],
          [
            103.7919785,
            1.3069965
          ],
          [
            103.7913939,
            1.3070606
          ],
          [
            103.7907067,
            1.3071179
          ],
          [
            103.7898537,
            1.3072035
          ],
          [
            103.7893311,
            1.3072559
          ],
          [
            103.7887989,
            1.3073295
          ],
          [
            103.7883016,
            1.3074246
          ],
          [
            103.7878335,
            1.3075035
          ],
          [
            103.7876004,
            1.3075249
          ],
          [
            103.7861728,
            1.3076653
          ],
          [
            103.785528,
            1.307778
          ],
          [
            103.7843098,
            1.3079676
          ],
          [
            103.7840283,
            1.3080859
          ],
          [
            103.7837456,
            1.3082239
          ],
          [
            103.7834371,
            1.3084087
          ],
          [
            103.7830484,
            1.3086481
          ],
          [
            103.7794079,
            1.3108964
          ],
          [
            103.7786,
            1.3113955
          ],
          [
            103.7779785,
            1.3117807
          ],
          [
            103.7776094,
            1.3119907
          ],
          [
            103.7772334,
            1.3121832
          ],
          [
            103.7767999,
            1.3123441
          ],
          [
            103.7763024,
            1.3124544
          ],
          [
            103.7757633,
            1.3124975
          ],
          [
            103.7749747,
            1.3124265
          ],
          [
            103.7739957,
            1.312316
          ],
          [
            103.7725942,
            1.3121361
          ],
          [
            103.7700773,
            1.3118819
          ],
          [
            103.7692707,
            1.3118046
          ],
          [
            103.7689765,
            1.3118088
          ],
          [
            103.7686922,
            1.3118329
          ],
          [
            103.768455,
            1.3118652
          ],
          [
            103.7682188,
            1.3119201
          ],
          [
            103.7679746,
            1.3119848
          ],
          [
            103.7676474,
            1.3121131
          ],
          [
            103.7673314,
            1.3122505
          ],
          [
            103.7669889,
            1.3124769
          ],
          [
            103.7665273,
            1.3128622
          ],
          [
            103.7661331,
            1.3132953
          ],
          [
            103.7658058,
            1.3137342
          ],
          [
            103.7655228,
            1.3142333
          ],
          [
            103.7651553,
            1.3150677
          ],
          [
            103.7648689,
            1.315718
          ],
          [
            103.7646031,
            1.3164648
          ],
          [
            103.7643982,
            1.3169531
          ],
          [
            103.7640337,
            1.3175119
          ],
          [
            103.763243,
            1.318687
          ],
          [
            103.762466,
            1.3198432
          ],
          [
            103.7618456,
            1.320774
          ],
          [
            103.7615575,
            1.3212114
          ],
          [
            103.7613778,
            1.3215212
          ],
          [
            103.7612557,
            1.3217585
          ],
          [
            103.7611026,
            1.3220775
          ],
          [
            103.7607864,
            1.3227667
          ],
          [
            103.7606291,
            1.3231086
          ],
          [
            103.7604267,
            1.3235536
          ],
          [
            103.7600085,
            1.3244972
          ],
          [
            103.7597727,
            1.3249711
          ],
          [
            103.7596539,
            1.325174
          ],
          [
            103.759442,
            1.3254889
          ],
          [
            103.7590973,
            1.3258696
          ],
          [
            103.7589871,
            1.3259669
          ],
          [
            103.7588724,
            1.326058
          ],
          [
            103.7587511,
            1.3261407
          ],
          [
            103.7586245,
            1.3262163
          ],
          [
            103.7581894,
            1.3264419
          ],
          [
            103.7577949,
            1.326596
          ],
          [
            103.7575114,
            1.3266864
          ],
          [
            103.7554659,
            1.3271219
          ],
          [
            103.7549351,
            1.3272407
          ],
          [
            103.7543514,
            1.327412
          ],
          [
            103.753752,
            1.327567
          ],
          [
            103.7533252,
            1.3277011
          ],
          [
            103.7523551,
            1.3280821
          ],
          [
            103.7518935,
            1.3281787
          ],
          [
            103.7514005,
            1.3282505
          ],
          [
            103.7509196,
            1.3282744
          ],
          [
            103.7499331,
            1.3282337
          ],
          [
            103.7494503,
            1.3282737
          ],
          [
            103.7488109,
            1.3284013
          ],
          [
            103.748357,
            1.3285756
          ],
          [
            103.7477399,
            1.3288776
          ],
          [
            103.7473183,
            1.3290862
          ],
          [
            103.7464795,
            1.3295153
          ],
          [
            103.7461211,
            1.3296982
          ],
          [
            103.7458977,
            1.3298119
          ],
          [
            103.7455303,
            1.3299951
          ],
          [
            103.7453691,
            1.3300746
          ],
          [
            103.7446397,
            1.3304379
          ],
          [
            103.7442391,
            1.3306372
          ],
          [
            103.7439934,
            1.3307671
          ],
          [
            103.7437876,
            1.3308847
          ],
          [
            103.7436261,
            1.3309987
          ],
          [
            103.7434638,
            1.3311278
          ],
          [
            103.7432914,
            1.331275
          ],
          [
            103.7431004,
            1.33146
          ],
          [
            103.7429702,
            1.3316017
          ],
          [
            103.7428335,
            1.3317745
          ],
          [
            103.742711,
            1.3319562
          ],
          [
            103.7425018,
            1.3323265
          ],
          [
            103.7421173,
            1.3330035
          ],
          [
            103.7417647,
            1.333624
          ],
          [
            103.7416314,
            1.3338811
          ],
          [
            103.7412977,
            1.3344491
          ],
          [
            103.7407921,
            1.3354169
          ],
          [
            103.7403892,
            1.3361567
          ],
          [
            103.7403341,
            1.3362507
          ],
          [
            103.7402751,
            1.3363433
          ],
          [
            103.740213,
            1.3364331
          ],
          [
            103.740151,
            1.3365162
          ],
          [
            103.7400226,
            1.3366821
          ],
          [
            103.7399438,
            1.3367762
          ],
          [
            103.7398966,
            1.3368259
          ],
          [
            103.7398479,
            1.3368726
          ],
          [
            103.7397574,
            1.3369534
          ],
          [
            103.7392104,
            1.3373926
          ],
          [
            103.7383505,
            1.3380715
          ],
          [
            103.7375147,
            1.3387336
          ],
          [
            103.7363464,
            1.3395978
          ],
          [
            103.7354465,
            1.3402789
          ],
          [
            103.7342124,
            1.3411745
          ],
          [
            103.7332718,
            1.3417666
          ],
          [
            103.7325906,
            1.3422958
          ],
          [
            103.7324985,
            1.3423606
          ],
          [
            103.7319684,
            1.3427449
          ],
          [
            103.7318582,
            1.3428245
          ],
          [
            103.7313245,
            1.3432142
          ],
          [
            103.7307912,
            1.3435225
          ],
          [
            103.7302024,
            1.3438109
          ],
          [
            103.7298108,
            1.3439237
          ],
          [
            103.7293668,
            1.3440112
          ],
          [
            103.7289216,
            1.3440587
          ],
          [
            103.7275293,
            1.3440719
          ],
          [
            103.7272063,
            1.3440802
          ],
          [
            103.726955,
            1.3441053
          ],
          [
            103.7267744,
            1.3441332
          ],
          [
            103.726597,
            1.3441741
          ],
          [
            103.725048,
            1.3445801
          ],
          [
            103.7246142,
            1.3446843
          ],
          [
            103.724315,
            1.3447295
          ],
          [
            103.7238621,
            1.3447765
          ],
          [
            103.723345,
            1.3447718
          ],
          [
            103.722834,
            1.3447052
          ],
          [
            103.7223967,
            1.3446032
          ],
          [
            103.7214398,
            1.3443592
          ],
          [
            103.7207103,
            1.3441781
          ],
          [
            103.719534,
            1.3438835
          ],
          [
            103.7187787,
            1.3436798
          ],
          [
            103.717405,
            1.3432257
          ],
          [
            103.7158493,
            1.3426119
          ],
          [
            103.7105612,
            1.3406882
          ],
          [
            103.7099469,
            1.3404226
          ],
          [
            103.7079082,
            1.3394112
          ],
          [
            103.7073148,
            1.3390884
          ],
          [
            103.706693,
            1.3388028
          ],
          [
            103.7058437,
            1.3384789
          ],
          [
            103.7051063,
            1.3381976
          ],
          [
            103.703968,
            1.3378417
          ],
          [
            103.7033107,
            1.3376763
          ],
          [
            103.7027213,
            1.3375911
          ],
          [
            103.7017562,
            1.3375716
          ],
          [
            103.6996557,
            1.3375645
          ],
          [
            103.698371,
            1.3375173
          ],
          [
            103.6974128,
            1.3375157
          ],
          [
            103.6968115,
            1.3375147
          ],
          [
            103.6961611,
            1.3375136
          ],
          [
            103.695454,
            1.3374873
          ],
          [
            103.6945062,
            1.337324
          ],
          [
            103.6939701,
            1.3371845
          ],
          [
            103.6937193,
            1.3370846
          ],
          [
            103.6934497,
            1.3369595
          ],
          [
            103.6931093,
            1.3367505
          ],
          [
            103.6929035,
            1.3365978
          ],
          [
            103.6926786,
            1.3364033
          ],
          [
            103.6923151,
            1.3360319
          ],
          [
            103.692031,
            1.3356872
          ],
          [
            103.6915024,
            1.3350559
          ],
          [
            103.6910619,
            1.3345194
          ],
          [
            103.689008,
            1.3318084
          ],
          [
            103.6888372,
            1.3315673
          ],
          [
            103.6886856,
            1.3313135
          ],
          [
            103.6885543,
            1.3310871
          ],
          [
            103.6884426,
            1.3308375
          ],
          [
            103.6881995,
            1.3300713
          ],
          [
            103.6880088,
            1.3295633
          ],
          [
            103.6877731,
            1.3291327
          ],
          [
            103.6875195,
            1.3288019
          ],
          [
            103.6872549,
            1.3285422
          ],
          [
            103.6869267,
            1.3282846
          ],
          [
            103.6866241,
            1.328106
          ],
          [
            103.6864262,
            1.3280045
          ],
          [
            103.6862226,
            1.3279208
          ],
          [
            103.6860143,
            1.3278535
          ],
          [
            103.6857921,
            1.3277957
          ],
          [
            103.6855654,
            1.3277561
          ],
          [
            103.6853914,
            1.3277377
          ],
          [
            103.6852175,
            1.3277278
          ],
          [
            103.6845485,
            1.3277281
          ],
          [
            103.6828809,
            1.3277273
          ],
          [
            103.6820324,
            1.327728
          ],
          [
            103.6814822,
            1.3277285
          ],
          [
            103.6809104,
            1.3277291
          ],
          [
            103.6802808,
            1.3277226
          ],
          [
            103.6799668,
            1.3277041
          ],
          [
            103.679655,
            1.3276857
          ],
          [
            103.6793572,
            1.3276772
          ],
          [
            103.6789555,
            1.3276767
          ],
          [
            103.6782456,
            1.3276749
          ],
          [
            103.677597,
            1.3276759
          ],
          [
            103.6774966,
            1.3276744
          ],
          [
            103.6769904,
            1.3276824
          ],
          [
            103.6766178,
            1.327696
          ],
          [
            103.6762891,
            1.3276964
          ],
          [
            103.6758864,
            1.3276847
          ],
          [
            103.6752356,
            1.3276386
          ],
          [
            103.6733065,
            1.3274987
          ],
          [
            103.6730374,
            1.3274755
          ],
          [
            103.6727114,
            1.3274394
          ],
          [
            103.6724223,
            1.3274151
          ],
          [
            103.6719504,
            1.3273768
          ],
          [
            103.6707729,
            1.3272934
          ],
          [
            103.6698179,
            1.3272244
          ],
          [
            103.6684449,
            1.3271235
          ],
          [
            103.6681473,
            1.3271024
          ],
          [
            103.6677741,
            1.3270759
          ],
          [
            103.6674024,
            1.3270362
          ],
          [
            103.6671176,
            1.3269859
          ],
          [
            103.6668692,
            1.3269159
          ],
          [
            103.6666202,
            1.3268246
          ],
          [
            103.6663779,
            1.326716
          ],
          [
            103.6661684,
            1.3265913
          ],
          [
            103.6659746,
            1.326463
          ],
          [
            103.6658306,
            1.3263482
          ],
          [
            103.6656825,
            1.3262196
          ],
          [
            103.6655163,
            1.3260587
          ],
          [
            103.6654028,
            1.3259253
          ],
          [
            103.6650088,
            1.3253716
          ],
          [
            103.6644555,
            1.3245077
          ],
          [
            103.6639083,
            1.3237073
          ],
          [
            103.6634678,
            1.3230476
          ],
          [
            103.6630561,
            1.3224817
          ],
          [
            103.6622217,
            1.3214065
          ],
          [
            103.6620551,
            1.3212048
          ],
          [
            103.661883,
            1.3210149
          ],
          [
            103.6612707,
            1.3203697
          ],
          [
            103.6605856,
            1.3196514
          ],
          [
            103.6599136,
            1.318948
          ],
          [
            103.6590967,
            1.3180901
          ],
          [
            103.658002,
            1.3169477
          ],
          [
            103.6577658,
            1.3167143
          ],
          [
            103.657531,
            1.316536
          ],
          [
            103.6573503,
            1.3164107
          ],
          [
            103.6571064,
            1.3162781
          ],
          [
            103.6568395,
            1.3161588
          ],
          [
            103.6566159,
            1.316077
          ],
          [
            103.6563264,
            1.3160038
          ],
          [
            103.6560859,
            1.3159623
          ],
          [
            103.6558327,
            1.3159403
          ],
          [
            103.6556251,
            1.3159353
          ],
          [
            103.6553431,
            1.3159528
          ],
          [
            103.6550559,
            1.3159946
          ],
          [
            103.6548018,
            1.3160564
          ],
          [
            103.654488,
            1.3161694
          ],
          [
            103.6542738,
            1.3162613
          ],
          [
            103.6539582,
            1.316443
          ],
          [
            103.6536854,
            1.3166436
          ],
          [
            103.6534757,
            1.3168234
          ],
          [
            103.6518609,
            1.3183529
          ],
          [
            103.6504796,
            1.3196679
          ],
          [
            103.6499634,
            1.3201106
          ],
          [
            103.6497046,
            1.3203334
          ],
          [
            103.6488497,
            1.3211081
          ],
          [
            103.6482067,
            1.3217156
          ],
          [
            103.6479834,
            1.3219429
          ],
          [
            103.6474489,
            1.3224919
          ],
          [
            103.6471539,
            1.3227768
          ],
          [
            103.6462212,
            1.3237079
          ],
          [
            103.6424486,
            1.3272904
          ],
          [
            103.6411659,
            1.3285065
          ],
          [
            103.6405979,
            1.3289878
          ],
          [
            103.6402056,
            1.3293424
          ],
          [
            103.6395118,
            1.3300077
          ],
          [
            103.6389242,
            1.3305712
          ],
          [
            103.6377963,
            1.3316371
          ],
          [
            103.6374288,
            1.3319553
          ],
          [
            103.6370071,
            1.3323678
          ],
          [
            103.6361067,
            1.3331779
          ],
          [
            103.6359604,
            1.3333338
          ],
          [
            103.6357961,
            1.3335326
          ],
          [
            103.6356652,
            1.3337238
          ],
          [
            103.6355622,
            1.3338966
          ],
          [
            103.6354374,
            1.3341416
          ],
          [
            103.6353647,
            1.3343277
          ],
          [
            103.6352897,
            1.3345506
          ],
          [
            103.63524,
            1.3347577
          ],
          [
            103.6351975,
            1.3349931
          ],
          [
            103.6351757,
            1.3351837
          ],
          [
            103.6351681,
            1.3353891
          ],
          [
            103.6351726,
            1.3355831
          ],
          [
            103.6351899,
            1.3357957
          ],
          [
            103.6352234,
            1.3360285
          ],
          [
            103.6352683,
            1.3362339
          ],
          [
            103.6353249,
            1.3364135
          ],
          [
            103.6354068,
            1.3366646
          ],
          [
            103.6355824,
            1.3371599
          ],
          [
            103.63631,
            1.3392052
          ],
          [
            103.6363753,
            1.3393673
          ],
          [
            103.6367125,
            1.3403292
          ],
          [
            103.6370078,
            1.3411847
          ],
          [
            103.6371265,
            1.3415018
          ],
          [
            103.6371773,
            1.3416345
          ],
          [
            103.6372498,
            1.3418185
          ],
          [
            103.6373195,
            1.3419833
          ],
          [
            103.6373841,
            1.342138
          ],
          [
            103.6374662,
            1.3423105
          ],
          [
            103.6375486,
            1.342484
          ],
          [
            103.6376395,
            1.3426844
          ],
          [
            103.6377367,
            1.3429184
          ],
          [
            103.6378291,
            1.3431641
          ],
          [
            103.6379264,
            1.3434468
          ]
        ]
      },
      "id": "relation/2312796"
    },
    {
      "type": "Feature",
      "properties": {
        "@id": "relation/7981690",
        "colour": "#009645",
        "direction": "east",
        "from": "Tanah Merah",
        "name": "MRT East-West Line (Tanah Merah → Changi Airport)",
        "network": "Mass Rapid Transit",
        "network:short": "MRT",
        "network:wikidata": "Q40176",
        "operator": "SMRT Trains",
        "public_transport:version": "2",
        "ref": "EWL",
        "route": "subway",
        "to": "Changi Airport",
        "to:ref": "3",
        "type": "route",
        "wikidata": "Q1895425",
        "wikipedia": "en:East–West Line (Singapore)"
      },
      "geometry": {
        "type": "LineString",
        "coordinates": [
          [
            103.9442216,
            1.3264783
          ],
          [
            103.9449939,
            1.326738
          ],
          [
            103.9456433,
            1.3269211
          ],
          [
            103.9457617,
            1.3269639
          ],
          [
            103.9465105,
            1.3272396
          ],
          [
            103.9474124,
            1.3275717
          ],
          [
            103.9476073,
            1.3276498
          ],
          [
            103.9482633,
            1.3278805
          ],
          [
            103.9496081,
            1.3283756
          ],
          [
            103.9499925,
            1.3285276
          ],
          [
            103.9503206,
            1.3286823
          ],
          [
            103.9506023,
            1.3288363
          ],
          [
            103.9509216,
            1.329018
          ],
          [
            103.9512411,
            1.3291977
          ],
          [
            103.9514476,
            1.329313
          ],
          [
            103.9516402,
            1.3294205
          ],
          [
            103.9519162,
            1.3295935
          ],
          [
            103.9521338,
            1.3297492
          ],
          [
            103.9524725,
            1.3300171
          ],
          [
            103.9527325,
            1.3301942
          ],
          [
            103.9530179,
            1.3303728
          ],
          [
            103.9532418,
            1.3304914
          ],
          [
            103.9535435,
            1.3306309
          ],
          [
            103.9538676,
            1.3307613
          ],
          [
            103.9541591,
            1.3308462
          ],
          [
            103.9545525,
            1.3309413
          ],
          [
            103.9549717,
            1.3310415
          ],
          [
            103.9553716,
            1.3311391
          ],
          [
            103.9559097,
            1.3312681
          ],
          [
            103.9562831,
            1.3313588
          ],
          [
            103.9567563,
            1.3314682
          ],
          [
            103.9571864,
            1.3315738
          ],
          [
            103.957717,
            1.3317064
          ],
          [
            103.9582281,
            1.3318325
          ],
          [
            103.9585469,
            1.3319236
          ],
          [
            103.9588655,
            1.3320363
          ],
          [
            103.9591315,
            1.3321558
          ],
          [
            103.9594087,
            1.3323
          ],
          [
            103.9596725,
            1.3324614
          ],
          [
            103.9599278,
            1.3326513
          ],
          [
            103.9601377,
            1.3328224
          ],
          [
            103.9603795,
            1.3330495
          ],
          [
            103.960639,
            1.3333342
          ],
          [
            103.9608845,
            1.3336935
          ],
          [
            103.9609668,
            1.33381
          ],
          [
            103.9610529,
            1.3339364
          ],
          [
            103.9616612,
            1.334862
          ],
          [
            103.9619381,
            1.3353018
          ],
          [
            103.9620846,
            1.3355444
          ],
          [
            103.9629358,
            1.3369196
          ],
          [
            103.9642647,
            1.3390038
          ],
          [
            103.964504,
            1.3393755
          ],
          [
            103.9645426,
            1.3394408
          ],
          [
            103.9652033,
            1.3404768
          ],
          [
            103.9656653,
            1.3409948
          ],
          [
            103.9661016,
            1.3413609
          ],
          [
            103.966465,
            1.3415779
          ],
          [
            103.9668209,
            1.3417477
          ],
          [
            103.9672761,
            1.3419021
          ],
          [
            103.9696254,
            1.3424519
          ],
          [
            103.9700793,
            1.3425883
          ],
          [
            103.9705781,
            1.3428073
          ],
          [
            103.9709639,
            1.3430276
          ],
          [
            103.9713235,
            1.3432806
          ],
          [
            103.9717105,
            1.3436318
          ],
          [
            103.9720165,
            1.3439757
          ],
          [
            103.9723253,
            1.3444138
          ],
          [
            103.9725969,
            1.3448805
          ],
          [
            103.9740254,
            1.3483105
          ],
          [
            103.9758548,
            1.3525881
          ],
          [
            103.9774322,
            1.3563525
          ],
          [
            103.9777833,
            1.3569626
          ],
          [
            103.9782508,
            1.3576253
          ],
          [
            103.9788,
            1.3581394
          ],
          [
            103.9792401,
            1.3585039
          ],
          [
            103.979981,
            1.3589484
          ],
          [
            103.9808039,
            1.3592475
          ],
          [
            103.9814931,
            1.35944
          ],
          [
            103.9820454,
            1.3595087
          ],
          [
            103.9825754,
            1.3595265
          ],
          [
            103.983214,
            1.3594753
          ],
          [
            103.98398,
            1.3592628
          ],
          [
            103.9850196,
            1.3588389
          ],
          [
            103.9852028,
            1.3587696
          ],
          [
            103.9856236,
            1.3586102
          ],
          [
            103.9885657,
            1.3573988
          ],
          [
            103.9897055,
            1.3569163
          ]
        ]
      },
      "id": "relation/7981690"
    },
    {
      "type": "Feature",
      "properties": {
        "@id": "relation/7981691",
        "colour": "#009645",
        "direction": "west",
        "from": "Changi Airport",
        "from:ref": "3",
        "name": "MRT East-West Line (Changi Airport → Tanah Merah)",
        "network": "Mass Rapid Transit",
        "network:short": "MRT",
        "network:wikidata": "Q40176",
        "operator": "SMRT Trains",
        "public_transport:version": "2",
        "ref": "EWL",
        "route": "subway",
        "to": "Tanah Merah",
        "type": "route",
        "wikidata": "Q1895425",
        "wikipedia": "en:East–West Line (Singapore)"
      },
      "geometry": {
        "type": "LineString",
        "coordinates": [
          [
            103.9456433,
            1.3269211
          ],
          [
            103.9457617,
            1.3269639
          ],
          [
            103.9465105,
            1.3272396
          ],
          [
            103.9474124,
            1.3275717
          ],
          [
            103.9476073,
            1.3276498
          ],
          [
            103.9479086,
            1.3277223
          ],
          [
            103.9482692,
            1.3278161
          ],
          [
            103.9484887,
            1.3278745
          ],
          [
            103.9486316,
            1.3279211
          ],
          [
            103.9488572,
            1.3279966
          ],
          [
            103.9496413,
            1.3283121
          ],
          [
            103.9500019,
            1.3284747
          ],
          [
            103.9503044,
            1.3286222
          ],
          [
            103.9505877,
            1.3287759
          ],
          [
            103.9509657,
            1.3289926
          ],
          [
            103.9512506,
            1.3291626
          ],
          [
            103.9516873,
            1.3293795
          ],
          [
            103.9520326,
            1.3295427
          ],
          [
            103.9523931,
            1.3297039
          ],
          [
            103.9525444,
            1.3297726
          ],
          [
            103.9531404,
            1.3300505
          ],
          [
            103.9536667,
            1.3302962
          ],
          [
            103.9538852,
            1.3303919
          ],
          [
            103.9541979,
            1.3305339
          ],
          [
            103.9545268,
            1.3306695
          ],
          [
            103.9550805,
            1.3309044
          ],
          [
            103.9553647,
            1.3310208
          ],
          [
            103.9556366,
            1.3311289
          ],
          [
            103.9558467,
            1.3311993
          ],
          [
            103.9560636,
            1.3312619
          ],
          [
            103.9564545,
            1.3313645
          ],
          [
            103.9569584,
            1.331487
          ],
          [
            103.9573844,
            1.3315856
          ],
          [
            103.9581487,
            1.3317725
          ],
          [
            103.9584083,
            1.3318354
          ],
          [
            103.9586556,
            1.3319093
          ],
          [
            103.9589011,
            1.3319921
          ],
          [
            103.959094,
            1.332069
          ],
          [
            103.9593186,
            1.3321716
          ],
          [
            103.9595263,
            1.332281
          ],
          [
            103.9597451,
            1.3324103
          ],
          [
            103.9599587,
            1.3325533
          ],
          [
            103.9602327,
            1.3327665
          ],
          [
            103.9604718,
            1.33297
          ],
          [
            103.9606733,
            1.3331808
          ],
          [
            103.9608713,
            1.333415
          ],
          [
            103.9610275,
            1.3336319
          ],
          [
            103.9620195,
            1.335219
          ],
          [
            103.9630558,
            1.3368374
          ],
          [
            103.9644935,
            1.3390816
          ],
          [
            103.9653139,
            1.3403799
          ],
          [
            103.9656785,
            1.3408249
          ],
          [
            103.9660752,
            1.341163
          ],
          [
            103.9664557,
            1.3414187
          ],
          [
            103.9668825,
            1.3416215
          ],
          [
            103.9671916,
            1.341737
          ],
          [
            103.9681028,
            1.3419533
          ],
          [
            103.9699527,
            1.3423991
          ],
          [
            103.9704553,
            1.3425893
          ],
          [
            103.971044,
            1.3429138
          ],
          [
            103.9716047,
            1.3433431
          ],
          [
            103.9718834,
            1.3436144
          ],
          [
            103.9721948,
            1.343993
          ],
          [
            103.9724898,
            1.3444243
          ],
          [
            103.9727721,
            1.3449971
          ],
          [
            103.9775753,
            1.3563488
          ],
          [
            103.9780278,
            1.3570992
          ],
          [
            103.9784118,
            1.3575538
          ],
          [
            103.9789371,
            1.3581011
          ],
          [
            103.979426,
            1.3584573
          ],
          [
            103.9800732,
            1.3588469
          ],
          [
            103.9807389,
            1.3591011
          ],
          [
            103.9814442,
            1.3592794
          ],
          [
            103.9819511,
            1.3593588
          ],
          [
            103.9825621,
            1.3593794
          ],
          [
            103.9831229,
            1.3593325
          ],
          [
            103.983691,
            1.3591657
          ],
          [
            103.9851676,
            1.358612
          ],
          [
            103.985584,
            1.3584559
          ],
          [
            103.9884662,
            1.3571111
          ],
          [
            103.9896153,
            1.3566538
          ]
        ]
      },
      "id": "relation/7981691"
    },
    {
      "type": "Feature",
      "properties": {
        "@id": "node/208515333",
        "@relations": [
          {
            "role": "stop",
            "rel": 7981691,
            "reltags": {
              "colour": "#009645",
              "direction": "west",
              "from": "Changi Airport",
              "from:ref": "3",
              "name": "MRT East-West Line (Changi Airport → Tanah Merah)",
              "network": "Mass Rapid Transit",
              "network:short": "MRT",
              "network:wikidata": "Q40176",
              "operator": "SMRT Trains",
              "public_transport:version": "2",
              "ref": "EWL",
              "route": "subway",
              "to": "Tanah Merah",
              "type": "route",
              "wikidata": "Q1895425",
              "wikipedia": "en:East–West Line (Singapore)"
            }
          }
        ]
      },
      "geometry": {
        "type": "Point",
        "coordinates": [
          103.9884662,
          1.3571111
        ]
      },
      "id": "node/208515333"
    },
    {
      "type": "Feature",
      "properties": {
        "@id": "node/209480791",
        "@relations": [
          {
            "role": "stop",
            "rel": 445764,
            "reltags": {
              "colour": "#009645",
              "direction": "east",
              "from": "Tuas Link",
              "from:ref": "2",
              "name": "MRT East-West Line (Tuas Link → Pasir Ris)",
              "network": "Mass Rapid Transit",
              "network:short": "MRT",
              "network:wikidata": "Q40176",
              "operator": "SMRT Trains",
              "public_transport:version": "2",
              "ref": "EWL",
              "route": "subway",
              "to": "Pasir Ris",
              "to:ref": "1",
              "type": "route",
              "wikidata": "Q1895425",
              "wikipedia": "en:East–West Line (Singapore)"
            }
          }
        ]
      },
      "geometry": {
        "type": "Point",
        "coordinates": [
          103.8559742,
          1.300872
        ]
      },
      "id": "node/209480791"
    },
    {
      "type": "Feature",
      "properties": {
        "@id": "node/210297606",
        "@relations": [
          {
            "role": "stop",
            "rel": 445764,
            "reltags": {
              "colour": "#009645",
              "direction": "east",
              "from": "Tuas Link",
              "from:ref": "2",
              "name": "MRT East-West Line (Tuas Link → Pasir Ris)",
              "network": "Mass Rapid Transit",
              "network:short": "MRT",
              "network:wikidata": "Q40176",
              "operator": "SMRT Trains",
              "public_transport:version": "2",
              "ref": "EWL",
              "route": "subway",
              "to": "Pasir Ris",
              "to:ref": "1",
              "type": "route",
              "wikidata": "Q1895425",
              "wikipedia": "en:East–West Line (Singapore)"
            }
          }
        ]
      },
      "geometry": {
        "type": "Point",
        "coordinates": [
          103.8514447,
          1.284395
        ]
      },
      "id": "node/210297606"
    },
    {
      "type": "Feature",
      "properties": {
        "@id": "node/1840733407",
        "@relations": [
          {
            "role": "stop",
            "rel": 445764,
            "reltags": {
              "colour": "#009645",
              "direction": "east",
              "from": "Tuas Link",
              "from:ref": "2",
              "name": "MRT East-West Line (Tuas Link → Pasir Ris)",
              "network": "Mass Rapid Transit",
              "network:short": "MRT",
              "network:wikidata": "Q40176",
              "operator": "SMRT Trains",
              "public_transport:version": "2",
              "ref": "EWL",
              "route": "subway",
              "to": "Pasir Ris",
              "to:ref": "1",
              "type": "route",
              "wikidata": "Q1895425",
              "wikipedia": "en:East–West Line (Singapore)"
            }
          }
        ]
      },
      "geometry": {
        "type": "Point",
        "coordinates": [
          103.8526589,
          1.2929663
        ]
      },
      "id": "node/1840733407"
    },
    {
      "type": "Feature",
      "properties": {
        "@id": "node/3986168117",
        "@relations": [
          {
            "role": "stop",
            "rel": 2312796,
            "reltags": {
              "colour": "#009645",
              "direction": "west",
              "from": "Pasir Ris",
              "from:ref": "1",
              "name": "MRT East-West Line (Pasir Ris → Tuas Link)",
              "network": "Mass Rapid Transit",
              "network:short": "MRT",
              "network:wikidata": "Q40176",
              "operator": "SMRT Trains",
              "public_transport:version": "2",
              "ref": "EWL",
              "route": "subway",
              "to": "Tuas Link",
              "to:ref": "2",
              "type": "route",
              "wikidata": "Q1895425",
              "wikipedia": "en:East–West Line (Singapore)"
            }
          }
        ]
      },
      "geometry": {
        "type": "Point",
        "coordinates": [
          103.8930342,
          1.3180525
        ]
      },
      "id": "node/3986168117"
    },
    {
      "type": "Feature",
      "properties": {
        "@id": "node/7684326263",
        "@relations": [
          {
            "role": "stop",
            "rel": 445764,
            "reltags": {
              "colour": "#009645",
              "direction": "east",
              "from": "Tuas Link",
              "from:ref": "2",
              "name": "MRT East-West Line (Tuas Link → Pasir Ris)",
              "network": "Mass Rapid Transit",
              "network:short": "MRT",
              "network:wikidata": "Q40176",
              "operator": "SMRT Trains",
              "public_transport:version": "2",
              "ref": "EWL",
              "route": "subway",
              "to": "Pasir Ris",
              "to:ref": "1",
              "type": "route",
              "wikidata": "Q1895425",
              "wikipedia": "en:East–West Line (Singapore)"
            }
          }
        ]
      },
      "geometry": {
        "type": "Point",
        "coordinates": [
          103.6489658,
          1.3212156
        ]
      },
      "id": "node/7684326263"
    },
    {
      "type": "Feature",
      "properties": {
        "@id": "node/7684326264",
        "@relations": [
          {
            "role": "stop",
            "rel": 2312796,
            "reltags": {
              "colour": "#009645",
              "direction": "west",
              "from": "Pasir Ris",
              "from:ref": "1",
              "name": "MRT East-West Line (Pasir Ris → Tuas Link)",
              "network": "Mass Rapid Transit",
              "network:short": "MRT",
              "network:wikidata": "Q40176",
              "operator": "SMRT Trains",
              "public_transport:version": "2",
              "ref": "EWL",
              "route": "subway",
              "to": "Tuas Link",
              "to:ref": "2",
              "type": "route",
              "wikidata": "Q1895425",
              "wikipedia": "en:East–West Line (Singapore)"
            }
          }
        ]
      },
      "geometry": {
        "type": "Point",
        "coordinates": [
          103.6488497,
          1.3211081
        ]
      },
      "id": "node/7684326264"
    },
    {
      "type": "Feature",
      "properties": {
        "@id": "node/7684326265",
        "@relations": [
          {
            "role": "stop",
            "rel": 2312796,
            "reltags": {
              "colour": "#009645",
              "direction": "west",
              "from": "Pasir Ris",
              "from:ref": "1",
              "name": "MRT East-West Line (Pasir Ris → Tuas Link)",
              "network": "Mass Rapid Transit",
              "network:short": "MRT",
              "network:wikidata": "Q40176",
              "operator": "SMRT Trains",
              "public_transport:version": "2",
              "ref": "EWL",
              "route": "subway",
              "to": "Tuas Link",
              "to:ref": "2",
              "type": "route",
              "wikidata": "Q1895425",
              "wikipedia": "en:East–West Line (Singapore)"
            }
          }
        ]
      },
      "geometry": {
        "type": "Point",
        "coordinates": [
          103.6605856,
          1.3196514
        ]
      },
      "id": "node/7684326265"
    },
    {
      "type": "Feature",
      "properties": {
        "@id": "node/7684326266",
        "@relations": [
          {
            "role": "stop",
            "rel": 445764,
            "reltags": {
              "colour": "#009645",
              "direction": "east",
              "from": "Tuas Link",
              "from:ref": "2",
              "name": "MRT East-West Line (Tuas Link → Pasir Ris)",
              "network": "Mass Rapid Transit",
              "network:short": "MRT",
              "network:wikidata": "Q40176",
              "operator": "SMRT Trains",
              "public_transport:version": "2",
              "ref": "EWL",
              "route": "subway",
              "to": "Pasir Ris",
              "to:ref": "1",
              "type": "route",
              "wikidata": "Q1895425",
              "wikipedia": "en:East–West Line (Singapore)"
            }
          }
        ]
      },
      "geometry": {
        "type": "Point",
        "coordinates": [
          103.6605592,
          1.3196767
        ]
      },
      "id": "node/7684326266"
    },
    {
      "type": "Feature",
      "properties": {
        "@id": "node/7684326261",
        "@relations": [
          {
            "role": "stop",
            "rel": 2312796,
            "reltags": {
              "colour": "#009645",
              "direction": "west",
              "from": "Pasir Ris",
              "from:ref": "1",
              "name": "MRT East-West Line (Pasir Ris → Tuas Link)",
              "network": "Mass Rapid Transit",
              "network:short": "MRT",
              "network:wikidata": "Q40176",
              "operator": "SMRT Trains",
              "public_transport:version": "2",
              "ref": "EWL",
              "route": "subway",
              "to": "Tuas Link",
              "to:ref": "2",
              "type": "route",
              "wikidata": "Q1895425",
              "wikipedia": "en:East–West Line (Singapore)"
            }
          }
        ]
      },
      "geometry": {
        "type": "Point",
        "coordinates": [
          103.6395118,
          1.3300077
        ]
      },
      "id": "node/7684326261"
    },
    {
      "type": "Feature",
      "properties": {
        "@id": "node/7684326262",
        "@relations": [
          {
            "role": "stop",
            "rel": 445764,
            "reltags": {
              "colour": "#009645",
              "direction": "east",
              "from": "Tuas Link",
              "from:ref": "2",
              "name": "MRT East-West Line (Tuas Link → Pasir Ris)",
              "network": "Mass Rapid Transit",
              "network:short": "MRT",
              "network:wikidata": "Q40176",
              "operator": "SMRT Trains",
              "public_transport:version": "2",
              "ref": "EWL",
              "route": "subway",
              "to": "Pasir Ris",
              "to:ref": "1",
              "type": "route",
              "wikidata": "Q1895425",
              "wikipedia": "en:East–West Line (Singapore)"
            }
          }
        ]
      },
      "geometry": {
        "type": "Point",
        "coordinates": [
          103.6396184,
          1.3301092
        ]
      },
      "id": "node/7684326262"
    },
    {
      "type": "Feature",
      "properties": {
        "@id": "node/7684326259",
        "@relations": [
          {
            "role": "stop_exit_only",
            "rel": 2312796,
            "reltags": {
              "colour": "#009645",
              "direction": "west",
              "from": "Pasir Ris",
              "from:ref": "1",
              "name": "MRT East-West Line (Pasir Ris → Tuas Link)",
              "network": "Mass Rapid Transit",
              "network:short": "MRT",
              "network:wikidata": "Q40176",
              "operator": "SMRT Trains",
              "public_transport:version": "2",
              "ref": "EWL",
              "route": "subway",
              "to": "Tuas Link",
              "to:ref": "2",
              "type": "route",
              "wikidata": "Q1895425",
              "wikipedia": "en:East–West Line (Singapore)"
            }
          }
        ]
      },
      "geometry": {
        "type": "Point",
        "coordinates": [
          103.6367125,
          1.3403292
        ]
      },
      "id": "node/7684326259"
    },
    {
      "type": "Feature",
      "properties": {
        "@id": "node/7684326260",
        "@relations": [
          {
            "role": "stop_entry_only",
            "rel": 445764,
            "reltags": {
              "colour": "#009645",
              "direction": "east",
              "from": "Tuas Link",
              "from:ref": "2",
              "name": "MRT East-West Line (Tuas Link → Pasir Ris)",
              "network": "Mass Rapid Transit",
              "network:short": "MRT",
              "network:wikidata": "Q40176",
              "operator": "SMRT Trains",
              "public_transport:version": "2",
              "ref": "EWL",
              "route": "subway",
              "to": "Pasir Ris",
              "to:ref": "1",
              "type": "route",
              "wikidata": "Q1895425",
              "wikipedia": "en:East–West Line (Singapore)"
            }
          }
        ]
      },
      "geometry": {
        "type": "Point",
        "coordinates": [
          103.6368394,
          1.3402918
        ]
      },
      "id": "node/7684326260"
    },
    {
      "type": "Feature",
      "properties": {
        "@id": "node/7684326267",
        "@relations": [
          {
            "role": "stop",
            "rel": 2312796,
            "reltags": {
              "colour": "#009645",
              "direction": "west",
              "from": "Pasir Ris",
              "from:ref": "1",
              "name": "MRT East-West Line (Pasir Ris → Tuas Link)",
              "network": "Mass Rapid Transit",
              "network:short": "MRT",
              "network:wikidata": "Q40176",
              "operator": "SMRT Trains",
              "public_transport:version": "2",
              "ref": "EWL",
              "route": "subway",
              "to": "Tuas Link",
              "to:ref": "2",
              "type": "route",
              "wikidata": "Q1895425",
              "wikipedia": "en:East–West Line (Singapore)"
            }
          }
        ]
      },
      "geometry": {
        "type": "Point",
        "coordinates": [
          103.6782456,
          1.3276749
        ]
      },
      "id": "node/7684326267"
    },
    {
      "type": "Feature",
      "properties": {
        "@id": "node/7684326268",
        "@relations": [
          {
            "role": "stop",
            "rel": 445764,
            "reltags": {
              "colour": "#009645",
              "direction": "east",
              "from": "Tuas Link",
              "from:ref": "2",
              "name": "MRT East-West Line (Tuas Link → Pasir Ris)",
              "network": "Mass Rapid Transit",
              "network:short": "MRT",
              "network:wikidata": "Q40176",
              "operator": "SMRT Trains",
              "public_transport:version": "2",
              "ref": "EWL",
              "route": "subway",
              "to": "Pasir Ris",
              "to:ref": "1",
              "type": "route",
              "wikidata": "Q1895425",
              "wikipedia": "en:East–West Line (Singapore)"
            }
          }
        ]
      },
      "geometry": {
        "type": "Point",
        "coordinates": [
          103.6782483,
          1.3278108
        ]
      },
      "id": "node/7684326268"
    },
    {
      "type": "Feature",
      "properties": {
        "@id": "node/7684326269",
        "@relations": [
          {
            "role": "stop",
            "rel": 445764,
            "reltags": {
              "colour": "#009645",
              "direction": "east",
              "from": "Tuas Link",
              "from:ref": "2",
              "name": "MRT East-West Line (Tuas Link → Pasir Ris)",
              "network": "Mass Rapid Transit",
              "network:short": "MRT",
              "network:wikidata": "Q40176",
              "operator": "SMRT Trains",
              "public_transport:version": "2",
              "ref": "EWL",
              "route": "subway",
              "to": "Pasir Ris",
              "to:ref": "1",
              "type": "route",
              "wikidata": "Q1895425",
              "wikipedia": "en:East–West Line (Singapore)"
            }
          }
        ]
      },
      "geometry": {
        "type": "Point",
        "coordinates": [
          103.6974081,
          1.3376503
        ]
      },
      "id": "node/7684326269"
    },
    {
      "type": "Feature",
      "properties": {
        "@id": "node/7684326270",
        "@relations": [
          {
            "role": "stop",
            "rel": 2312796,
            "reltags": {
              "colour": "#009645",
              "direction": "west",
              "from": "Pasir Ris",
              "from:ref": "1",
              "name": "MRT East-West Line (Pasir Ris → Tuas Link)",
              "network": "Mass Rapid Transit",
              "network:short": "MRT",
              "network:wikidata": "Q40176",
              "operator": "SMRT Trains",
              "public_transport:version": "2",
              "ref": "EWL",
              "route": "subway",
              "to": "Tuas Link",
              "to:ref": "2",
              "type": "route",
              "wikidata": "Q1895425",
              "wikipedia": "en:East–West Line (Singapore)"
            }
          }
        ]
      },
      "geometry": {
        "type": "Point",
        "coordinates": [
          103.6974128,
          1.3375157
        ]
      },
      "id": "node/7684326270"
    },
    {
      "type": "Feature",
      "properties": {
        "@id": "node/7684365286",
        "@relations": [
          {
            "role": "stop",
            "rel": 445764,
            "reltags": {
              "colour": "#009645",
              "direction": "east",
              "from": "Tuas Link",
              "from:ref": "2",
              "name": "MRT East-West Line (Tuas Link → Pasir Ris)",
              "network": "Mass Rapid Transit",
              "network:short": "MRT",
              "network:wikidata": "Q40176",
              "operator": "SMRT Trains",
              "public_transport:version": "2",
              "ref": "EWL",
              "route": "subway",
              "to": "Pasir Ris",
              "to:ref": "1",
              "type": "route",
              "wikidata": "Q1895425",
              "wikipedia": "en:East–West Line (Singapore)"
            }
          }
        ]
      },
      "geometry": {
        "type": "Point",
        "coordinates": [
          103.8061105,
          1.294652
        ]
      },
      "id": "node/7684365286"
    },
    {
      "type": "Feature",
      "properties": {
        "@id": "node/7684365287",
        "@relations": [
          {
            "role": "stop",
            "rel": 2312796,
            "reltags": {
              "colour": "#009645",
              "direction": "west",
              "from": "Pasir Ris",
              "from:ref": "1",
              "name": "MRT East-West Line (Pasir Ris → Tuas Link)",
              "network": "Mass Rapid Transit",
              "network:short": "MRT",
              "network:wikidata": "Q40176",
              "operator": "SMRT Trains",
              "public_transport:version": "2",
              "ref": "EWL",
              "route": "subway",
              "to": "Tuas Link",
              "to:ref": "2",
              "type": "route",
              "wikidata": "Q1895425",
              "wikipedia": "en:East–West Line (Singapore)"
            }
          }
        ]
      },
      "geometry": {
        "type": "Point",
        "coordinates": [
          103.8059705,
          1.2945908
        ]
      },
      "id": "node/7684365287"
    },
    {
      "type": "Feature",
      "properties": {
        "@id": "node/7684326279",
        "@relations": [
          {
            "role": "stop",
            "rel": 445764,
            "reltags": {
              "colour": "#009645",
              "direction": "east",
              "from": "Tuas Link",
              "from:ref": "2",
              "name": "MRT East-West Line (Tuas Link → Pasir Ris)",
              "network": "Mass Rapid Transit",
              "network:short": "MRT",
              "network:wikidata": "Q40176",
              "operator": "SMRT Trains",
              "public_transport:version": "2",
              "ref": "EWL",
              "route": "subway",
              "to": "Pasir Ris",
              "to:ref": "1",
              "type": "route",
              "wikidata": "Q1895425",
              "wikipedia": "en:East–West Line (Singapore)"
            }
          }
        ]
      },
      "geometry": {
        "type": "Point",
        "coordinates": [
          103.7786212,
          1.3114347
        ]
      },
      "id": "node/7684326279"
    },
    {
      "type": "Feature",
      "properties": {
        "@id": "node/7684326280",
        "@relations": [
          {
            "role": "stop",
            "rel": 2312796,
            "reltags": {
              "colour": "#009645",
              "direction": "west",
              "from": "Pasir Ris",
              "from:ref": "1",
              "name": "MRT East-West Line (Pasir Ris → Tuas Link)",
              "network": "Mass Rapid Transit",
              "network:short": "MRT",
              "network:wikidata": "Q40176",
              "operator": "SMRT Trains",
              "public_transport:version": "2",
              "ref": "EWL",
              "route": "subway",
              "to": "Tuas Link",
              "to:ref": "2",
              "type": "route",
              "wikidata": "Q1895425",
              "wikipedia": "en:East–West Line (Singapore)"
            }
          }
        ]
      },
      "geometry": {
        "type": "Point",
        "coordinates": [
          103.7786,
          1.3113955
        ]
      },
      "id": "node/7684326280"
    },
    {
      "type": "Feature",
      "properties": {
        "@id": "node/7684326277",
        "@relations": [
          {
            "role": "stop",
            "rel": 2312796,
            "reltags": {
              "colour": "#009645",
              "direction": "west",
              "from": "Pasir Ris",
              "from:ref": "1",
              "name": "MRT East-West Line (Pasir Ris → Tuas Link)",
              "network": "Mass Rapid Transit",
              "network:short": "MRT",
              "network:wikidata": "Q40176",
              "operator": "SMRT Trains",
              "public_transport:version": "2",
              "ref": "EWL",
              "route": "subway",
              "to": "Tuas Link",
              "to:ref": "2",
              "type": "route",
              "wikidata": "Q1895425",
              "wikipedia": "en:East–West Line (Singapore)"
            }
          }
        ]
      },
      "geometry": {
        "type": "Point",
        "coordinates": [
          103.7651553,
          1.3150677
        ]
      },
      "id": "node/7684326277"
    },
    {
      "type": "Feature",
      "properties": {
        "@id": "node/7684326278",
        "@relations": [
          {
            "role": "stop",
            "rel": 445764,
            "reltags": {
              "colour": "#009645",
              "direction": "east",
              "from": "Tuas Link",
              "from:ref": "2",
              "name": "MRT East-West Line (Tuas Link → Pasir Ris)",
              "network": "Mass Rapid Transit",
              "network:short": "MRT",
              "network:wikidata": "Q40176",
              "operator": "SMRT Trains",
              "public_transport:version": "2",
              "ref": "EWL",
              "route": "subway",
              "to": "Pasir Ris",
              "to:ref": "1",
              "type": "route",
              "wikidata": "Q1895425",
              "wikipedia": "en:East–West Line (Singapore)"
            }
          }
        ]
      },
      "geometry": {
        "type": "Point",
        "coordinates": [
          103.7653001,
          1.3151289
        ]
      },
      "id": "node/7684326278"
    },
    {
      "type": "Feature",
      "properties": {
        "@id": "node/6587699223",
        "@relations": [
          {
            "role": "stop",
            "rel": 445764,
            "reltags": {
              "colour": "#009645",
              "direction": "east",
              "from": "Tuas Link",
              "from:ref": "2",
              "name": "MRT East-West Line (Tuas Link → Pasir Ris)",
              "network": "Mass Rapid Transit",
              "network:short": "MRT",
              "network:wikidata": "Q40176",
              "operator": "SMRT Trains",
              "public_transport:version": "2",
              "ref": "EWL",
              "route": "subway",
              "to": "Pasir Ris",
              "to:ref": "1",
              "type": "route",
              "wikidata": "Q1895425",
              "wikipedia": "en:East–West Line (Singapore)"
            }
          }
        ]
      },
      "geometry": {
        "type": "Point",
        "coordinates": [
          103.789869,
          1.3073598
        ]
      },
      "id": "node/6587699223"
    },
    {
      "type": "Feature",
      "properties": {
        "@id": "node/6587699224",
        "@relations": [
          {
            "role": "stop",
            "rel": 2312796,
            "reltags": {
              "colour": "#009645",
              "direction": "west",
              "from": "Pasir Ris",
              "from:ref": "1",
              "name": "MRT East-West Line (Pasir Ris → Tuas Link)",
              "network": "Mass Rapid Transit",
              "network:short": "MRT",
              "network:wikidata": "Q40176",
              "operator": "SMRT Trains",
              "public_transport:version": "2",
              "ref": "EWL",
              "route": "subway",
              "to": "Tuas Link",
              "to:ref": "2",
              "type": "route",
              "wikidata": "Q1895425",
              "wikipedia": "en:East–West Line (Singapore)"
            }
          }
        ]
      },
      "geometry": {
        "type": "Point",
        "coordinates": [
          103.7898537,
          1.3072035
        ]
      },
      "id": "node/6587699224"
    },
    {
      "type": "Feature",
      "properties": {
        "@id": "node/7684326284",
        "@relations": [
          {
            "role": "stop",
            "rel": 2312796,
            "reltags": {
              "colour": "#009645",
              "direction": "west",
              "from": "Pasir Ris",
              "from:ref": "1",
              "name": "MRT East-West Line (Pasir Ris → Tuas Link)",
              "network": "Mass Rapid Transit",
              "network:short": "MRT",
              "network:wikidata": "Q40176",
              "operator": "SMRT Trains",
              "public_transport:version": "2",
              "ref": "EWL",
              "route": "subway",
              "to": "Tuas Link",
              "to:ref": "2",
              "type": "route",
              "wikidata": "Q1895425",
              "wikipedia": "en:East–West Line (Singapore)"
            }
          }
        ]
      },
      "geometry": {
        "type": "Point",
        "coordinates": [
          103.7982661,
          1.3023857
        ]
      },
      "id": "node/7684326284"
    },
    {
      "type": "Feature",
      "properties": {
        "@id": "node/7684365285",
        "@relations": [
          {
            "role": "stop",
            "rel": 445764,
            "reltags": {
              "colour": "#009645",
              "direction": "east",
              "from": "Tuas Link",
              "from:ref": "2",
              "name": "MRT East-West Line (Tuas Link → Pasir Ris)",
              "network": "Mass Rapid Transit",
              "network:short": "MRT",
              "network:wikidata": "Q40176",
              "operator": "SMRT Trains",
              "public_transport:version": "2",
              "ref": "EWL",
              "route": "subway",
              "to": "Pasir Ris",
              "to:ref": "1",
              "type": "route",
              "wikidata": "Q1895425",
              "wikipedia": "en:East–West Line (Singapore)"
            }
          }
        ]
      },
      "geometry": {
        "type": "Point",
        "coordinates": [
          103.7983573,
          1.3024949
        ]
      },
      "id": "node/7684365285"
    },
    {
      "type": "Feature",
      "properties": {
        "@id": "node/7684326271",
        "@relations": [
          {
            "role": "stop",
            "rel": 2312796,
            "reltags": {
              "colour": "#009645",
              "direction": "west",
              "from": "Pasir Ris",
              "from:ref": "1",
              "name": "MRT East-West Line (Pasir Ris → Tuas Link)",
              "network": "Mass Rapid Transit",
              "network:short": "MRT",
              "network:wikidata": "Q40176",
              "operator": "SMRT Trains",
              "public_transport:version": "2",
              "ref": "EWL",
              "route": "subway",
              "to": "Tuas Link",
              "to:ref": "2",
              "type": "route",
              "wikidata": "Q1895425",
              "wikipedia": "en:East–West Line (Singapore)"
            }
          }
        ]
      },
      "geometry": {
        "type": "Point",
        "coordinates": [
          103.7058437,
          1.3384789
        ]
      },
      "id": "node/7684326271"
    },
    {
      "type": "Feature",
      "properties": {
        "@id": "node/7684326272",
        "@relations": [
          {
            "role": "stop",
            "rel": 445764,
            "reltags": {
              "colour": "#009645",
              "direction": "east",
              "from": "Tuas Link",
              "from:ref": "2",
              "name": "MRT East-West Line (Tuas Link → Pasir Ris)",
              "network": "Mass Rapid Transit",
              "network:short": "MRT",
              "network:wikidata": "Q40176",
              "operator": "SMRT Trains",
              "public_transport:version": "2",
              "ref": "EWL",
              "route": "subway",
              "to": "Pasir Ris",
              "to:ref": "1",
              "type": "route",
              "wikidata": "Q1895425",
              "wikipedia": "en:East–West Line (Singapore)"
            }
          }
        ]
      },
      "geometry": {
        "type": "Point",
        "coordinates": [
          103.7057788,
          1.3386173
        ]
      },
      "id": "node/7684326272"
    },
    {
      "type": "Feature",
      "properties": {
        "@id": "node/7684326273",
        "@relations": [
          {
            "role": "stop",
            "rel": 2312796,
            "reltags": {
              "colour": "#009645",
              "direction": "west",
              "from": "Pasir Ris",
              "from:ref": "1",
              "name": "MRT East-West Line (Pasir Ris → Tuas Link)",
              "network": "Mass Rapid Transit",
              "network:short": "MRT",
              "network:wikidata": "Q40176",
              "operator": "SMRT Trains",
              "public_transport:version": "2",
              "ref": "EWL",
              "route": "subway",
              "to": "Tuas Link",
              "to:ref": "2",
              "type": "route",
              "wikidata": "Q1895425",
              "wikipedia": "en:East–West Line (Singapore)"
            }
          }
        ]
      },
      "geometry": {
        "type": "Point",
        "coordinates": [
          103.7207103,
          1.3441781
        ]
      },
      "id": "node/7684326273"
    },
    {
      "type": "Feature",
      "properties": {
        "@id": "node/7684326274",
        "@relations": [
          {
            "role": "stop",
            "rel": 445764,
            "reltags": {
              "colour": "#009645",
              "direction": "east",
              "from": "Tuas Link",
              "from:ref": "2",
              "name": "MRT East-West Line (Tuas Link → Pasir Ris)",
              "network": "Mass Rapid Transit",
              "network:short": "MRT",
              "network:wikidata": "Q40176",
              "operator": "SMRT Trains",
              "public_transport:version": "2",
              "ref": "EWL",
              "route": "subway",
              "to": "Pasir Ris",
              "to:ref": "1",
              "type": "route",
              "wikidata": "Q1895425",
              "wikipedia": "en:East–West Line (Singapore)"
            }
          }
        ]
      },
      "geometry": {
        "type": "Point",
        "coordinates": [
          103.7206767,
          1.344307
        ]
      },
      "id": "node/7684326274"
    },
    {
      "type": "Feature",
      "properties": {
        "@id": "node/6587737928",
        "@relations": [
          {
            "role": "stop",
            "rel": 445764,
            "reltags": {
              "colour": "#009645",
              "direction": "east",
              "from": "Tuas Link",
              "from:ref": "2",
              "name": "MRT East-West Line (Tuas Link → Pasir Ris)",
              "network": "Mass Rapid Transit",
              "network:short": "MRT",
              "network:wikidata": "Q40176",
              "operator": "SMRT Trains",
              "public_transport:version": "2",
              "ref": "EWL",
              "route": "subway",
              "to": "Pasir Ris",
              "to:ref": "1",
              "type": "route",
              "wikidata": "Q1895425",
              "wikipedia": "en:East–West Line (Singapore)"
            }
          }
        ]
      },
      "geometry": {
        "type": "Point",
        "coordinates": [
          103.7423561,
          1.3331397
        ]
      },
      "id": "node/6587737928"
    },
    {
      "type": "Feature",
      "properties": {
        "@id": "node/6587737930",
        "@relations": [
          {
            "role": "stop",
            "rel": 2312796,
            "reltags": {
              "colour": "#009645",
              "direction": "west",
              "from": "Pasir Ris",
              "from:ref": "1",
              "name": "MRT East-West Line (Pasir Ris → Tuas Link)",
              "network": "Mass Rapid Transit",
              "network:short": "MRT",
              "network:wikidata": "Q40176",
              "operator": "SMRT Trains",
              "public_transport:version": "2",
              "ref": "EWL",
              "route": "subway",
              "to": "Tuas Link",
              "to:ref": "2",
              "type": "route",
              "wikidata": "Q1895425",
              "wikipedia": "en:East–West Line (Singapore)"
            }
          }
        ]
      },
      "geometry": {
        "type": "Point",
        "coordinates": [
          103.7421173,
          1.3330035
        ]
      },
      "id": "node/6587737930"
    },
    {
      "type": "Feature",
      "properties": {
        "@id": "node/7684326275",
        "@relations": [
          {
            "role": "stop",
            "rel": 2312796,
            "reltags": {
              "colour": "#009645",
              "direction": "west",
              "from": "Pasir Ris",
              "from:ref": "1",
              "name": "MRT East-West Line (Pasir Ris → Tuas Link)",
              "network": "Mass Rapid Transit",
              "network:short": "MRT",
              "network:wikidata": "Q40176",
              "operator": "SMRT Trains",
              "public_transport:version": "2",
              "ref": "EWL",
              "route": "subway",
              "to": "Tuas Link",
              "to:ref": "2",
              "type": "route",
              "wikidata": "Q1895425",
              "wikipedia": "en:East–West Line (Singapore)"
            }
          }
        ]
      },
      "geometry": {
        "type": "Point",
        "coordinates": [
          103.7324985,
          1.3423606
        ]
      },
      "id": "node/7684326275"
    },
    {
      "type": "Feature",
      "properties": {
        "@id": "node/7684326276",
        "@relations": [
          {
            "role": "stop",
            "rel": 445764,
            "reltags": {
              "colour": "#009645",
              "direction": "east",
              "from": "Tuas Link",
              "from:ref": "2",
              "name": "MRT East-West Line (Tuas Link → Pasir Ris)",
              "network": "Mass Rapid Transit",
              "network:short": "MRT",
              "network:wikidata": "Q40176",
              "operator": "SMRT Trains",
              "public_transport:version": "2",
              "ref": "EWL",
              "route": "subway",
              "to": "Pasir Ris",
              "to:ref": "1",
              "type": "route",
              "wikidata": "Q1895425",
              "wikipedia": "en:East–West Line (Singapore)"
            }
          }
        ]
      },
      "geometry": {
        "type": "Point",
        "coordinates": [
          103.7325877,
          1.3424559
        ]
      },
      "id": "node/7684326276"
    },
    {
      "type": "Feature",
      "properties": {
        "@id": "node/4583963501",
        "@relations": [
          {
            "role": "stop",
            "rel": 2312796,
            "reltags": {
              "colour": "#009645",
              "direction": "west",
              "from": "Pasir Ris",
              "from:ref": "1",
              "name": "MRT East-West Line (Pasir Ris → Tuas Link)",
              "network": "Mass Rapid Transit",
              "network:short": "MRT",
              "network:wikidata": "Q40176",
              "operator": "SMRT Trains",
              "public_transport:version": "2",
              "ref": "EWL",
              "route": "subway",
              "to": "Tuas Link",
              "to:ref": "2",
              "type": "route",
              "wikidata": "Q1895425",
              "wikipedia": "en:East–West Line (Singapore)"
            }
          }
        ]
      },
      "geometry": {
        "type": "Point",
        "coordinates": [
          103.8271648,
          1.2860825
        ]
      },
      "id": "node/4583963501"
    },
    {
      "type": "Feature",
      "properties": {
        "@id": "node/4583963502",
        "@relations": [
          {
            "role": "stop",
            "rel": 445764,
            "reltags": {
              "colour": "#009645",
              "direction": "east",
              "from": "Tuas Link",
              "from:ref": "2",
              "name": "MRT East-West Line (Tuas Link → Pasir Ris)",
              "network": "Mass Rapid Transit",
              "network:short": "MRT",
              "network:wikidata": "Q40176",
              "operator": "SMRT Trains",
              "public_transport:version": "2",
              "ref": "EWL",
              "route": "subway",
              "to": "Pasir Ris",
              "to:ref": "1",
              "type": "route",
              "wikidata": "Q1895425",
              "wikipedia": "en:East–West Line (Singapore)"
            }
          }
        ]
      },
      "geometry": {
        "type": "Point",
        "coordinates": [
          103.8271702,
          1.2862129
        ]
      },
      "id": "node/4583963502"
    },
    {
      "type": "Feature",
      "properties": {
        "@id": "node/7684365288",
        "@relations": [
          {
            "role": "stop",
            "rel": 445764,
            "reltags": {
              "colour": "#009645",
              "direction": "east",
              "from": "Tuas Link",
              "from:ref": "2",
              "name": "MRT East-West Line (Tuas Link → Pasir Ris)",
              "network": "Mass Rapid Transit",
              "network:short": "MRT",
              "network:wikidata": "Q40176",
              "operator": "SMRT Trains",
              "public_transport:version": "2",
              "ref": "EWL",
              "route": "subway",
              "to": "Pasir Ris",
              "to:ref": "1",
              "type": "route",
              "wikidata": "Q1895425",
              "wikipedia": "en:East–West Line (Singapore)"
            }
          }
        ]
      },
      "geometry": {
        "type": "Point",
        "coordinates": [
          103.8167927,
          1.2897043
        ]
      },
      "id": "node/7684365288"
    },
    {
      "type": "Feature",
      "properties": {
        "@id": "node/7684365289",
        "@relations": [
          {
            "role": "stop",
            "rel": 2312796,
            "reltags": {
              "colour": "#009645",
              "direction": "west",
              "from": "Pasir Ris",
              "from:ref": "1",
              "name": "MRT East-West Line (Pasir Ris → Tuas Link)",
              "network": "Mass Rapid Transit",
              "network:short": "MRT",
              "network:wikidata": "Q40176",
              "operator": "SMRT Trains",
              "public_transport:version": "2",
              "ref": "EWL",
              "route": "subway",
              "to": "Tuas Link",
              "to:ref": "2",
              "type": "route",
              "wikidata": "Q1895425",
              "wikipedia": "en:East–West Line (Singapore)"
            }
          }
        ]
      },
      "geometry": {
        "type": "Point",
        "coordinates": [
          103.8167343,
          1.2895755
        ]
      },
      "id": "node/7684365289"
    },
    {
      "type": "Feature",
      "properties": {
        "@id": "node/7684365290",
        "@relations": [
          {
            "role": "stop",
            "rel": 2312796,
            "reltags": {
              "colour": "#009645",
              "direction": "west",
              "from": "Pasir Ris",
              "from:ref": "1",
              "name": "MRT East-West Line (Pasir Ris → Tuas Link)",
              "network": "Mass Rapid Transit",
              "network:short": "MRT",
              "network:wikidata": "Q40176",
              "operator": "SMRT Trains",
              "public_transport:version": "2",
              "ref": "EWL",
              "route": "subway",
              "to": "Tuas Link",
              "to:ref": "2",
              "type": "route",
              "wikidata": "Q1895425",
              "wikipedia": "en:East–West Line (Singapore)"
            }
          }
        ]
      },
      "geometry": {
        "type": "Point",
        "coordinates": [
          103.8392952,
          1.2812339
        ]
      },
      "id": "node/7684365290"
    },
    {
      "type": "Feature",
      "properties": {
        "@id": "node/7684365292",
        "@relations": [
          {
            "role": "stop",
            "rel": 445764,
            "reltags": {
              "colour": "#009645",
              "direction": "east",
              "from": "Tuas Link",
              "from:ref": "2",
              "name": "MRT East-West Line (Tuas Link → Pasir Ris)",
              "network": "Mass Rapid Transit",
              "network:short": "MRT",
              "network:wikidata": "Q40176",
              "operator": "SMRT Trains",
              "public_transport:version": "2",
              "ref": "EWL",
              "route": "subway",
              "to": "Pasir Ris",
              "to:ref": "1",
              "type": "route",
              "wikidata": "Q1895425",
              "wikipedia": "en:East–West Line (Singapore)"
            }
          }
        ]
      },
      "geometry": {
        "type": "Point",
        "coordinates": [
          103.8457932,
          1.2765972
        ]
      },
      "id": "node/7684365292"
    },
    {
      "type": "Feature",
      "properties": {
        "@id": "node/7684365293",
        "@relations": [
          {
            "role": "stop",
            "rel": 2312796,
            "reltags": {
              "colour": "#009645",
              "direction": "west",
              "from": "Pasir Ris",
              "from:ref": "1",
              "name": "MRT East-West Line (Pasir Ris → Tuas Link)",
              "network": "Mass Rapid Transit",
              "network:short": "MRT",
              "network:wikidata": "Q40176",
              "operator": "SMRT Trains",
              "public_transport:version": "2",
              "ref": "EWL",
              "route": "subway",
              "to": "Tuas Link",
              "to:ref": "2",
              "type": "route",
              "wikidata": "Q1895425",
              "wikipedia": "en:East–West Line (Singapore)"
            }
          }
        ]
      },
      "geometry": {
        "type": "Point",
        "coordinates": [
          103.8457849,
          1.2764603
        ]
      },
      "id": "node/7684365293"
    },
    {
      "type": "Feature",
      "properties": {
        "@id": "node/7684365291",
        "@relations": [
          {
            "role": "stop",
            "rel": 445764,
            "reltags": {
              "colour": "#009645",
              "direction": "east",
              "from": "Tuas Link",
              "from:ref": "2",
              "name": "MRT East-West Line (Tuas Link → Pasir Ris)",
              "network": "Mass Rapid Transit",
              "network:short": "MRT",
              "network:wikidata": "Q40176",
              "operator": "SMRT Trains",
              "public_transport:version": "2",
              "ref": "EWL",
              "route": "subway",
              "to": "Pasir Ris",
              "to:ref": "1",
              "type": "route",
              "wikidata": "Q1895425",
              "wikipedia": "en:East–West Line (Singapore)"
            }
          }
        ]
      },
      "geometry": {
        "type": "Point",
        "coordinates": [
          103.8393621,
          1.281343
        ]
      },
      "id": "node/7684365291"
    },
    {
      "type": "Feature",
      "properties": {
        "@id": "node/12842077464",
        "@relations": [
          {
            "role": "stop",
            "rel": 2312796,
            "reltags": {
              "colour": "#009645",
              "direction": "west",
              "from": "Pasir Ris",
              "from:ref": "1",
              "name": "MRT East-West Line (Pasir Ris → Tuas Link)",
              "network": "Mass Rapid Transit",
              "network:short": "MRT",
              "network:wikidata": "Q40176",
              "operator": "SMRT Trains",
              "public_transport:version": "2",
              "ref": "EWL",
              "route": "subway",
              "to": "Tuas Link",
              "to:ref": "2",
              "type": "route",
              "wikidata": "Q1895425",
              "wikipedia": "en:East–West Line (Singapore)"
            }
          }
        ]
      },
      "geometry": {
        "type": "Point",
        "coordinates": [
          103.8514504,
          1.284396
        ]
      },
      "id": "node/12842077464"
    },
    {
      "type": "Feature",
      "properties": {
        "@id": "node/12842077459",
        "@relations": [
          {
            "role": "stop",
            "rel": 2312796,
            "reltags": {
              "colour": "#009645",
              "direction": "west",
              "from": "Pasir Ris",
              "from:ref": "1",
              "name": "MRT East-West Line (Pasir Ris → Tuas Link)",
              "network": "Mass Rapid Transit",
              "network:short": "MRT",
              "network:wikidata": "Q40176",
              "operator": "SMRT Trains",
              "public_transport:version": "2",
              "ref": "EWL",
              "route": "subway",
              "to": "Tuas Link",
              "to:ref": "2",
              "type": "route",
              "wikidata": "Q1895425",
              "wikipedia": "en:East–West Line (Singapore)"
            }
          }
        ]
      },
      "geometry": {
        "type": "Point",
        "coordinates": [
          103.8526791,
          1.2929405
        ]
      },
      "id": "node/12842077459"
    },
    {
      "type": "Feature",
      "properties": {
        "@id": "node/4583991340",
        "@relations": [
          {
            "role": "stop",
            "rel": 2312796,
            "reltags": {
              "colour": "#009645",
              "direction": "west",
              "from": "Pasir Ris",
              "from:ref": "1",
              "name": "MRT East-West Line (Pasir Ris → Tuas Link)",
              "network": "Mass Rapid Transit",
              "network:short": "MRT",
              "network:wikidata": "Q40176",
              "operator": "SMRT Trains",
              "public_transport:version": "2",
              "ref": "EWL",
              "route": "subway",
              "to": "Tuas Link",
              "to:ref": "2",
              "type": "route",
              "wikidata": "Q1895425",
              "wikipedia": "en:East–West Line (Singapore)"
            }
          }
        ]
      },
      "geometry": {
        "type": "Point",
        "coordinates": [
          103.8560866,
          1.3007905
        ]
      },
      "id": "node/4583991340"
    },
    {
      "type": "Feature",
      "properties": {
        "@id": "node/7684664559",
        "@relations": [
          {
            "role": "stop",
            "rel": 445764,
            "reltags": {
              "colour": "#009645",
              "direction": "east",
              "from": "Tuas Link",
              "from:ref": "2",
              "name": "MRT East-West Line (Tuas Link → Pasir Ris)",
              "network": "Mass Rapid Transit",
              "network:short": "MRT",
              "network:wikidata": "Q40176",
              "operator": "SMRT Trains",
              "public_transport:version": "2",
              "ref": "EWL",
              "route": "subway",
              "to": "Pasir Ris",
              "to:ref": "1",
              "type": "route",
              "wikidata": "Q1895425",
              "wikipedia": "en:East–West Line (Singapore)"
            }
          }
        ]
      },
      "geometry": {
        "type": "Point",
        "coordinates": [
          103.862768,
          1.3074083
        ]
      },
      "id": "node/7684664559"
    },
    {
      "type": "Feature",
      "properties": {
        "@id": "node/7684664560",
        "@relations": [
          {
            "role": "stop",
            "rel": 2312796,
            "reltags": {
              "colour": "#009645",
              "direction": "west",
              "from": "Pasir Ris",
              "from:ref": "1",
              "name": "MRT East-West Line (Pasir Ris → Tuas Link)",
              "network": "Mass Rapid Transit",
              "network:short": "MRT",
              "network:wikidata": "Q40176",
              "operator": "SMRT Trains",
              "public_transport:version": "2",
              "ref": "EWL",
              "route": "subway",
              "to": "Tuas Link",
              "to:ref": "2",
              "type": "route",
              "wikidata": "Q1895425",
              "wikipedia": "en:East–West Line (Singapore)"
            }
          }
        ]
      },
      "geometry": {
        "type": "Point",
        "coordinates": [
          103.8628017,
          1.3073677
        ]
      },
      "id": "node/7684664560"
    },
    {
      "type": "Feature",
      "properties": {
        "@id": "node/7684664561",
        "@relations": [
          {
            "role": "stop",
            "rel": 2312796,
            "reltags": {
              "colour": "#009645",
              "direction": "west",
              "from": "Pasir Ris",
              "from:ref": "1",
              "name": "MRT East-West Line (Pasir Ris → Tuas Link)",
              "network": "Mass Rapid Transit",
              "network:short": "MRT",
              "network:wikidata": "Q40176",
              "operator": "SMRT Trains",
              "public_transport:version": "2",
              "ref": "EWL",
              "route": "subway",
              "to": "Tuas Link",
              "to:ref": "2",
              "type": "route",
              "wikidata": "Q1895425",
              "wikipedia": "en:East–West Line (Singapore)"
            }
          }
        ]
      },
      "geometry": {
        "type": "Point",
        "coordinates": [
          103.8713792,
          1.3114087
        ]
      },
      "id": "node/7684664561"
    },
    {
      "type": "Feature",
      "properties": {
        "@id": "node/7684664562",
        "@relations": [
          {
            "role": "stop",
            "rel": 445764,
            "reltags": {
              "colour": "#009645",
              "direction": "east",
              "from": "Tuas Link",
              "from:ref": "2",
              "name": "MRT East-West Line (Tuas Link → Pasir Ris)",
              "network": "Mass Rapid Transit",
              "network:short": "MRT",
              "network:wikidata": "Q40176",
              "operator": "SMRT Trains",
              "public_transport:version": "2",
              "ref": "EWL",
              "route": "subway",
              "to": "Pasir Ris",
              "to:ref": "1",
              "type": "route",
              "wikidata": "Q1895425",
              "wikipedia": "en:East–West Line (Singapore)"
            }
          }
        ]
      },
      "geometry": {
        "type": "Point",
        "coordinates": [
          103.8712879,
          1.311533
        ]
      },
      "id": "node/7684664562"
    },
    {
      "type": "Feature",
      "properties": {
        "@id": "node/7684664563",
        "@relations": [
          {
            "role": "stop",
            "rel": 445764,
            "reltags": {
              "colour": "#009645",
              "direction": "east",
              "from": "Tuas Link",
              "from:ref": "2",
              "name": "MRT East-West Line (Tuas Link → Pasir Ris)",
              "network": "Mass Rapid Transit",
              "network:short": "MRT",
              "network:wikidata": "Q40176",
              "operator": "SMRT Trains",
              "public_transport:version": "2",
              "ref": "EWL",
              "route": "subway",
              "to": "Pasir Ris",
              "to:ref": "1",
              "type": "route",
              "wikidata": "Q1895425",
              "wikipedia": "en:East–West Line (Singapore)"
            }
          }
        ]
      },
      "geometry": {
        "type": "Point",
        "coordinates": [
          103.8828874,
          1.3165284
        ]
      },
      "id": "node/7684664563"
    },
    {
      "type": "Feature",
      "properties": {
        "@id": "node/7684664564",
        "@relations": [
          {
            "role": "stop",
            "rel": 2312796,
            "reltags": {
              "colour": "#009645",
              "direction": "west",
              "from": "Pasir Ris",
              "from:ref": "1",
              "name": "MRT East-West Line (Pasir Ris → Tuas Link)",
              "network": "Mass Rapid Transit",
              "network:short": "MRT",
              "network:wikidata": "Q40176",
              "operator": "SMRT Trains",
              "public_transport:version": "2",
              "ref": "EWL",
              "route": "subway",
              "to": "Tuas Link",
              "to:ref": "2",
              "type": "route",
              "wikidata": "Q1895425",
              "wikipedia": "en:East–West Line (Singapore)"
            }
          }
        ]
      },
      "geometry": {
        "type": "Point",
        "coordinates": [
          103.8829262,
          1.3163672
        ]
      },
      "id": "node/7684664564"
    },
    {
      "type": "Feature",
      "properties": {
        "@id": "node/6591927120",
        "@relations": [
          {
            "role": "stop",
            "rel": 445764,
            "reltags": {
              "colour": "#009645",
              "direction": "east",
              "from": "Tuas Link",
              "from:ref": "2",
              "name": "MRT East-West Line (Tuas Link → Pasir Ris)",
              "network": "Mass Rapid Transit",
              "network:short": "MRT",
              "network:wikidata": "Q40176",
              "operator": "SMRT Trains",
              "public_transport:version": "2",
              "ref": "EWL",
              "route": "subway",
              "to": "Pasir Ris",
              "to:ref": "1",
              "type": "route",
              "wikidata": "Q1895425",
              "wikipedia": "en:East–West Line (Singapore)"
            }
          }
        ]
      },
      "geometry": {
        "type": "Point",
        "coordinates": [
          103.8929966,
          1.3182018
        ]
      },
      "id": "node/6591927120"
    },
    {
      "type": "Feature",
      "properties": {
        "@id": "node/7684664566",
        "@relations": [
          {
            "role": "stop",
            "rel": 445764,
            "reltags": {
              "colour": "#009645",
              "direction": "east",
              "from": "Tuas Link",
              "from:ref": "2",
              "name": "MRT East-West Line (Tuas Link → Pasir Ris)",
              "network": "Mass Rapid Transit",
              "network:short": "MRT",
              "network:wikidata": "Q40176",
              "operator": "SMRT Trains",
              "public_transport:version": "2",
              "ref": "EWL",
              "route": "subway",
              "to": "Pasir Ris",
              "to:ref": "1",
              "type": "route",
              "wikidata": "Q1895425",
              "wikipedia": "en:East–West Line (Singapore)"
            }
          }
        ]
      },
      "geometry": {
        "type": "Point",
        "coordinates": [
          103.9028771,
          1.3198403
        ]
      },
      "id": "node/7684664566"
    },
    {
      "type": "Feature",
      "properties": {
        "@id": "node/7684664567",
        "@relations": [
          {
            "role": "stop",
            "rel": 2312796,
            "reltags": {
              "colour": "#009645",
              "direction": "west",
              "from": "Pasir Ris",
              "from:ref": "1",
              "name": "MRT East-West Line (Pasir Ris → Tuas Link)",
              "network": "Mass Rapid Transit",
              "network:short": "MRT",
              "network:wikidata": "Q40176",
              "operator": "SMRT Trains",
              "public_transport:version": "2",
              "ref": "EWL",
              "route": "subway",
              "to": "Tuas Link",
              "to:ref": "2",
              "type": "route",
              "wikidata": "Q1895425",
              "wikipedia": "en:East–West Line (Singapore)"
            }
          }
        ]
      },
      "geometry": {
        "type": "Point",
        "coordinates": [
          103.9029009,
          1.319704
        ]
      },
      "id": "node/7684664567"
    },
    {
      "type": "Feature",
      "properties": {
        "@id": "node/7684664568",
        "@relations": [
          {
            "role": "stop",
            "rel": 445764,
            "reltags": {
              "colour": "#009645",
              "direction": "east",
              "from": "Tuas Link",
              "from:ref": "2",
              "name": "MRT East-West Line (Tuas Link → Pasir Ris)",
              "network": "Mass Rapid Transit",
              "network:short": "MRT",
              "network:wikidata": "Q40176",
              "operator": "SMRT Trains",
              "public_transport:version": "2",
              "ref": "EWL",
              "route": "subway",
              "to": "Pasir Ris",
              "to:ref": "1",
              "type": "route",
              "wikidata": "Q1895425",
              "wikipedia": "en:East–West Line (Singapore)"
            }
          }
        ]
      },
      "geometry": {
        "type": "Point",
        "coordinates": [
          103.912912,
          1.3210957
        ]
      },
      "id": "node/7684664568"
    },
    {
      "type": "Feature",
      "properties": {
        "@id": "node/7684664569",
        "@relations": [
          {
            "role": "stop",
            "rel": 2312796,
            "reltags": {
              "colour": "#009645",
              "direction": "west",
              "from": "Pasir Ris",
              "from:ref": "1",
              "name": "MRT East-West Line (Pasir Ris → Tuas Link)",
              "network": "Mass Rapid Transit",
              "network:short": "MRT",
              "network:wikidata": "Q40176",
              "operator": "SMRT Trains",
              "public_transport:version": "2",
              "ref": "EWL",
              "route": "subway",
              "to": "Tuas Link",
              "to:ref": "2",
              "type": "route",
              "wikidata": "Q1895425",
              "wikipedia": "en:East–West Line (Singapore)"
            }
          }
        ]
      },
      "geometry": {
        "type": "Point",
        "coordinates": [
          103.9129426,
          1.320951
        ]
      },
      "id": "node/7684664569"
    },
    {
      "type": "Feature",
      "properties": {
        "@id": "node/7684664570",
        "@relations": [
          {
            "role": "stop",
            "rel": 445764,
            "reltags": {
              "colour": "#009645",
              "direction": "east",
              "from": "Tuas Link",
              "from:ref": "2",
              "name": "MRT East-West Line (Tuas Link → Pasir Ris)",
              "network": "Mass Rapid Transit",
              "network:short": "MRT",
              "network:wikidata": "Q40176",
              "operator": "SMRT Trains",
              "public_transport:version": "2",
              "ref": "EWL",
              "route": "subway",
              "to": "Pasir Ris",
              "to:ref": "1",
              "type": "route",
              "wikidata": "Q1895425",
              "wikipedia": "en:East–West Line (Singapore)"
            }
          }
        ]
      },
      "geometry": {
        "type": "Point",
        "coordinates": [
          103.930196,
          1.3240641
        ]
      },
      "id": "node/7684664570"
    },
    {
      "type": "Feature",
      "properties": {
        "@id": "node/7684664571",
        "@relations": [
          {
            "role": "stop",
            "rel": 2312796,
            "reltags": {
              "colour": "#009645",
              "direction": "west",
              "from": "Pasir Ris",
              "from:ref": "1",
              "name": "MRT East-West Line (Pasir Ris → Tuas Link)",
              "network": "Mass Rapid Transit",
              "network:short": "MRT",
              "network:wikidata": "Q40176",
              "operator": "SMRT Trains",
              "public_transport:version": "2",
              "ref": "EWL",
              "route": "subway",
              "to": "Tuas Link",
              "to:ref": "2",
              "type": "route",
              "wikidata": "Q1895425",
              "wikipedia": "en:East–West Line (Singapore)"
            }
          }
        ]
      },
      "geometry": {
        "type": "Point",
        "coordinates": [
          103.9302155,
          1.3239336
        ]
      },
      "id": "node/7684664571"
    },
    {
      "type": "Feature",
      "properties": {
        "@id": "node/7066056094",
        "@relations": [
          {
            "role": "stop",
            "rel": 7981690,
            "reltags": {
              "colour": "#009645",
              "direction": "east",
              "from": "Tanah Merah",
              "name": "MRT East-West Line (Tanah Merah → Changi Airport)",
              "network": "Mass Rapid Transit",
              "network:short": "MRT",
              "network:wikidata": "Q40176",
              "operator": "SMRT Trains",
              "public_transport:version": "2",
              "ref": "EWL",
              "route": "subway",
              "to": "Changi Airport",
              "to:ref": "3",
              "type": "route",
              "wikidata": "Q1895425",
              "wikipedia": "en:East–West Line (Singapore)"
            }
          },
          {
            "role": "stop",
            "rel": 7981691,
            "reltags": {
              "colour": "#009645",
              "direction": "west",
              "from": "Changi Airport",
              "from:ref": "3",
              "name": "MRT East-West Line (Changi Airport → Tanah Merah)",
              "network": "Mass Rapid Transit",
              "network:short": "MRT",
              "network:wikidata": "Q40176",
              "operator": "SMRT Trains",
              "public_transport:version": "2",
              "ref": "EWL",
              "route": "subway",
              "to": "Tanah Merah",
              "type": "route",
              "wikidata": "Q1895425",
              "wikipedia": "en:East–West Line (Singapore)"
            }
          }
        ]
      },
      "geometry": {
        "type": "Point",
        "coordinates": [
          103.9465105,
          1.3272396
        ]
      },
      "id": "node/7066056094"
    },
    {
      "type": "Feature",
      "properties": {
        "@id": "node/7684664573",
        "@relations": [
          {
            "role": "stop",
            "rel": 2312796,
            "reltags": {
              "colour": "#009645",
              "direction": "west",
              "from": "Pasir Ris",
              "from:ref": "1",
              "name": "MRT East-West Line (Pasir Ris → Tuas Link)",
              "network": "Mass Rapid Transit",
              "network:short": "MRT",
              "network:wikidata": "Q40176",
              "operator": "SMRT Trains",
              "public_transport:version": "2",
              "ref": "EWL",
              "route": "subway",
              "to": "Tuas Link",
              "to:ref": "2",
              "type": "route",
              "wikidata": "Q1895425",
              "wikipedia": "en:East–West Line (Singapore)"
            }
          }
        ]
      },
      "geometry": {
        "type": "Point",
        "coordinates": [
          103.9465544,
          1.3271219
        ]
      },
      "id": "node/7684664573"
    },
    {
      "type": "Feature",
      "properties": {
        "@id": "node/13355703257",
        "@relations": [
          {
            "role": "stop",
            "rel": 445764,
            "reltags": {
              "colour": "#009645",
              "direction": "east",
              "from": "Tuas Link",
              "from:ref": "2",
              "name": "MRT East-West Line (Tuas Link → Pasir Ris)",
              "network": "Mass Rapid Transit",
              "network:short": "MRT",
              "network:wikidata": "Q40176",
              "operator": "SMRT Trains",
              "public_transport:version": "2",
              "ref": "EWL",
              "route": "subway",
              "to": "Pasir Ris",
              "to:ref": "1",
              "type": "route",
              "wikidata": "Q1895425",
              "wikipedia": "en:East–West Line (Singapore)"
            }
          }
        ]
      },
      "geometry": {
        "type": "Point",
        "coordinates": [
          103.9464205,
          1.3274758
        ]
      },
      "id": "node/13355703257"
    },
    {
      "type": "Feature",
      "properties": {
        "@id": "node/6587730882",
        "@relations": [
          {
            "role": "stop",
            "rel": 7981690,
            "reltags": {
              "colour": "#009645",
              "direction": "east",
              "from": "Tanah Merah",
              "name": "MRT East-West Line (Tanah Merah → Changi Airport)",
              "network": "Mass Rapid Transit",
              "network:short": "MRT",
              "network:wikidata": "Q40176",
              "operator": "SMRT Trains",
              "public_transport:version": "2",
              "ref": "EWL",
              "route": "subway",
              "to": "Changi Airport",
              "to:ref": "3",
              "type": "route",
              "wikidata": "Q1895425",
              "wikipedia": "en:East–West Line (Singapore)"
            }
          }
        ]
      },
      "geometry": {
        "type": "Point",
        "coordinates": [
          103.9619381,
          1.3353018
        ]
      },
      "id": "node/6587730882"
    },
    {
      "type": "Feature",
      "properties": {
        "@id": "node/6587730883",
        "@relations": [
          {
            "role": "stop",
            "rel": 7981691,
            "reltags": {
              "colour": "#009645",
              "direction": "west",
              "from": "Changi Airport",
              "from:ref": "3",
              "name": "MRT East-West Line (Changi Airport → Tanah Merah)",
              "network": "Mass Rapid Transit",
              "network:short": "MRT",
              "network:wikidata": "Q40176",
              "operator": "SMRT Trains",
              "public_transport:version": "2",
              "ref": "EWL",
              "route": "subway",
              "to": "Tanah Merah",
              "type": "route",
              "wikidata": "Q1895425",
              "wikipedia": "en:East–West Line (Singapore)"
            }
          }
        ]
      },
      "geometry": {
        "type": "Point",
        "coordinates": [
          103.9620195,
          1.335219
        ]
      },
      "id": "node/6587730883"
    },
    {
      "type": "Feature",
      "properties": {
        "@id": "node/7124682660",
        "@relations": [
          {
            "role": "stop",
            "rel": 2312796,
            "reltags": {
              "colour": "#009645",
              "direction": "west",
              "from": "Pasir Ris",
              "from:ref": "1",
              "name": "MRT East-West Line (Pasir Ris → Tuas Link)",
              "network": "Mass Rapid Transit",
              "network:short": "MRT",
              "network:wikidata": "Q40176",
              "operator": "SMRT Trains",
              "public_transport:version": "2",
              "ref": "EWL",
              "route": "subway",
              "to": "Tuas Link",
              "to:ref": "2",
              "type": "route",
              "wikidata": "Q1895425",
              "wikipedia": "en:East–West Line (Singapore)"
            }
          }
        ]
      },
      "geometry": {
        "type": "Point",
        "coordinates": [
          103.9455916,
          1.3528809
        ]
      },
      "id": "node/7124682660"
    },
    {
      "type": "Feature",
      "properties": {
        "@id": "node/7684664574",
        "@relations": [
          {
            "role": "stop",
            "rel": 445764,
            "reltags": {
              "colour": "#009645",
              "direction": "east",
              "from": "Tuas Link",
              "from:ref": "2",
              "name": "MRT East-West Line (Tuas Link → Pasir Ris)",
              "network": "Mass Rapid Transit",
              "network:short": "MRT",
              "network:wikidata": "Q40176",
              "operator": "SMRT Trains",
              "public_transport:version": "2",
              "ref": "EWL",
              "route": "subway",
              "to": "Pasir Ris",
              "to:ref": "1",
              "type": "route",
              "wikidata": "Q1895425",
              "wikipedia": "en:East–West Line (Singapore)"
            }
          }
        ]
      },
      "geometry": {
        "type": "Point",
        "coordinates": [
          103.9533122,
          1.3431425
        ]
      },
      "id": "node/7684664574"
    },
    {
      "type": "Feature",
      "properties": {
        "@id": "node/7684664575",
        "@relations": [
          {
            "role": "stop",
            "rel": 2312796,
            "reltags": {
              "colour": "#009645",
              "direction": "west",
              "from": "Pasir Ris",
              "from:ref": "1",
              "name": "MRT East-West Line (Pasir Ris → Tuas Link)",
              "network": "Mass Rapid Transit",
              "network:short": "MRT",
              "network:wikidata": "Q40176",
              "operator": "SMRT Trains",
              "public_transport:version": "2",
              "ref": "EWL",
              "route": "subway",
              "to": "Tuas Link",
              "to:ref": "2",
              "type": "route",
              "wikidata": "Q1895425",
              "wikipedia": "en:East–West Line (Singapore)"
            }
          }
        ]
      },
      "geometry": {
        "type": "Point",
        "coordinates": [
          103.9534498,
          1.3432314
        ]
      },
      "id": "node/7684664575"
    },
    {
      "type": "Feature",
      "properties": {
        "@id": "node/7124682661",
        "@relations": [
          {
            "role": "stop",
            "rel": 445764,
            "reltags": {
              "colour": "#009645",
              "direction": "east",
              "from": "Tuas Link",
              "from:ref": "2",
              "name": "MRT East-West Line (Tuas Link → Pasir Ris)",
              "network": "Mass Rapid Transit",
              "network:short": "MRT",
              "network:wikidata": "Q40176",
              "operator": "SMRT Trains",
              "public_transport:version": "2",
              "ref": "EWL",
              "route": "subway",
              "to": "Pasir Ris",
              "to:ref": "1",
              "type": "route",
              "wikidata": "Q1895425",
              "wikipedia": "en:East–West Line (Singapore)"
            }
          }
        ]
      },
      "geometry": {
        "type": "Point",
        "coordinates": [
          103.9447957,
          1.3535911
        ]
      },
      "id": "node/7124682661"
    },
    {
      "type": "Feature",
      "properties": {
        "@id": "node/7684664577",
        "@relations": [
          {
            "role": "stop_entry_only",
            "rel": 2312796,
            "reltags": {
              "colour": "#009645",
              "direction": "west",
              "from": "Pasir Ris",
              "from:ref": "1",
              "name": "MRT East-West Line (Pasir Ris → Tuas Link)",
              "network": "Mass Rapid Transit",
              "network:short": "MRT",
              "network:wikidata": "Q40176",
              "operator": "SMRT Trains",
              "public_transport:version": "2",
              "ref": "EWL",
              "route": "subway",
              "to": "Tuas Link",
              "to:ref": "2",
              "type": "route",
              "wikidata": "Q1895425",
              "wikipedia": "en:East–West Line (Singapore)"
            }
          }
        ]
      },
      "geometry": {
        "type": "Point",
        "coordinates": [
          103.9493325,
          1.3730213
        ]
      },
      "id": "node/7684664577"
    },
    {
      "type": "Feature",
      "properties": {
        "@id": "node/7684664578",
        "@relations": [
          {
            "role": "stop_exit_only",
            "rel": 445764,
            "reltags": {
              "colour": "#009645",
              "direction": "east",
              "from": "Tuas Link",
              "from:ref": "2",
              "name": "MRT East-West Line (Tuas Link → Pasir Ris)",
              "network": "Mass Rapid Transit",
              "network:short": "MRT",
              "network:wikidata": "Q40176",
              "operator": "SMRT Trains",
              "public_transport:version": "2",
              "ref": "EWL",
              "route": "subway",
              "to": "Pasir Ris",
              "to:ref": "1",
              "type": "route",
              "wikidata": "Q1895425",
              "wikipedia": "en:East–West Line (Singapore)"
            }
          }
        ]
      },
      "geometry": {
        "type": "Point",
        "coordinates": [
          103.9492065,
          1.373042
        ]
      },
      "id": "node/7684664578"
    },
    {
      "type": "Feature",
      "properties": {
        "@id": "node/12014356325",
        "@relations": [
          {
            "role": "stop",
            "rel": 7981690,
            "reltags": {
              "colour": "#009645",
              "direction": "east",
              "from": "Tanah Merah",
              "name": "MRT East-West Line (Tanah Merah → Changi Airport)",
              "network": "Mass Rapid Transit",
              "network:short": "MRT",
              "network:wikidata": "Q40176",
              "operator": "SMRT Trains",
              "public_transport:version": "2",
              "ref": "EWL",
              "route": "subway",
              "to": "Changi Airport",
              "to:ref": "3",
              "type": "route",
              "wikidata": "Q1895425",
              "wikipedia": "en:East–West Line (Singapore)"
            }
          }
        ]
      },
      "geometry": {
        "type": "Point",
        "coordinates": [
          103.9885657,
          1.3573988
        ]
      },
      "id": "node/12014356325"
    }
  ]
}